het,outcome,term,estimate,std.error,statistic,p.value,conf.low,conf.high
het_noncit,Total Ag Workforce,year::2006:early_x_het_noncit,5.467677314701396e-4,9.796673136596792e-4,0.5581157234159575,0.5768230996200907,-0.0013744194649099963,0.002467954927850276
het_noncit,Total Ag Workforce,year::2008:early_x_het_noncit,7.375994512096514e-4,0.0010002478621042618,0.7374166735612248,0.4609489457987722,-0.0012239474526088289,0.002699146355028132
het_noncit,Total Ag Workforce,year::2009:early_x_het_noncit,5.85464159443045e-4,9.741780800748257e-4,0.6009826862436445,0.547914459635659,-0.0013249583159607782,0.0024958866348468683
het_noncit,Total Ag Workforce,year::2010:early_x_het_noncit,5.298845379460054e-4,0.001029069866809183,0.5149159984530576,0.6066643093925537,-0.0014881840703746406,0.0025479531462666515
het_noncit,Total Ag Workforce,year::2011:early_x_het_noncit,-9.640862948503473e-4,0.0010338284114710446,-0.9325399497180963,0.3511615812006009,-0.002991486698720668,0.0010633141090199735
het_noncit,Total Ag Workforce,year::2012:early_x_het_noncit,-0.0037346961673647458,0.001353145047846958,-2.7600117025940176,0.005828639298174458,-0.006388295919567806,-0.0010810964151616856
het_noncit,Total Ag Workforce,year::2013:early_x_het_noncit,-0.003019300538063524,0.0012042808636574082,-2.50713984518021,0.012244005812408622,-0.005380968569490721,-6.576325066363266e-4
het_noncit,Total Ag Workforce,year::2014:early_x_het_noncit,0.001273805256380205,0.0013374653318417111,0.9524024481637627,0.34099928212162767,-0.0013490456189213427,0.003896656131681753
het_noncit,Total Ag Workforce,year::2015:early_x_het_noncit,-0.003294323304777981,0.0012866839212793107,-2.5603205653666175,0.010524905371322342,-0.005817588744874841,-7.710578646811213e-4
het_noncit,Total Ag Workforce,year::2016:early_x_het_noncit,-0.0030400202816776864,0.0013491280875489121,-2.253322208420386,0.024338579280966506,-0.005685742530379947,-3.9429803297542573e-4
het_noncit,Total Ag Workforce,year::2017:early_x_het_noncit,-0.002562041615073032,0.0013393437703885876,-1.9129081507802137,0.0558916674129477,-0.00518857622263259,6.449299248652502e-5
het_noncit,Total Ag Workforce,year::2018:early_x_het_noncit,-0.004510920127928445,0.001323777851186162,-3.407611121372416,6.673322313701962e-4,-0.0071069290210392135,-0.0019149112348176762
het_noncit,Total Ag Workforce,year::2019:early_x_het_noncit,-0.003919378065245524,0.0013110318506766897,-2.989536877553764,0.0028254896732524543,-0.006490391276003293,-0.0013483648544877539
het_noncit,Total Ag Workforce,year::2020:early_x_het_noncit,-0.0017590564891713466,0.0014140809542360548,-1.2439574155226931,0.21364996382465587,-0.004532155260604949,0.0010140422822622556
het_noncit,Total Ag Workforce,year::2006:early_activator,7.573351300333806e-4,6.646880348644573e-4,1.1393843281499956,0.25466899304189033,-5.461585400762204e-4,0.0020608288001429816
het_noncit,Total Ag Workforce,year::2008:early_activator,8.474543440568822e-4,6.703398212603304e-4,1.2642160247373524,0.20628865025880755,-4.671228229797162e-4,0.002162031511093481
het_noncit,Total Ag Workforce,year::2009:early_activator,-2.9831304633308133e-4,7.342436683083928e-4,-0.4062861679425278,0.6845725203695712,-0.0017382095447757092,0.0011415834521095465
het_noncit,Total Ag Workforce,year::2010:early_activator,0.0017592481208517283,7.398032663595008e-4,2.3779945302334435,0.01749346074248656,3.084489124341109e-4,0.003210047329269346
het_noncit,Total Ag Workforce,year::2011:early_activator,0.0010547976650259999,7.23148813602555e-4,1.458617707980809,0.14481547849089177,-3.633411484256616e-4,0.0024729364784776614
het_noncit,Total Ag Workforce,year::2012:early_activator,0.003996920245771633,8.696352137317467e-4,4.596088316870468,4.552880850011257e-6,0.0022915126907298196,0.005702327800813447
het_noncit,Total Ag Workforce,year::2013:early_activator,0.005104539099251287,8.28989316298033e-4,6.157545096053005,8.781317140912062e-10,0.0034788406216138437,0.0067302375768887295
het_noncit,Total Ag Workforce,year::2014:early_activator,3.878123215903678e-4,8.702986515442894e-4,0.44560832181254056,0.6559247731899531,-0.0013188962753595298,0.0020945209185402654
het_noncit,Total Ag Workforce,year::2015:early_activator,0.005718164621892516,8.384356691699694e-4,6.820039786181041,1.1768063576526012e-11,0.004073941271640657,0.007362387972144375
het_noncit,Total Ag Workforce,year::2016:early_activator,0.005181242764741844,9.053840030934331e-4,5.722701911055473,1.1940859400807819e-8,0.003405729659121642,0.006956755870362045
het_noncit,Total Ag Workforce,year::2017:early_activator,0.0052902929276011056,8.990209990098147e-4,5.884504292366758,4.615043094491758e-9,0.0035272580600577627,0.007053327795144448
het_noncit,Total Ag Workforce,year::2018:early_activator,0.005695921180179067,8.482900933898801e-4,6.714591181204779,2.401904797279598e-11,0.004032372704575963,0.00735946965578217
het_noncit,Total Ag Workforce,year::2019:early_activator,0.0021280702488474593,8.840161433042615e-4,2.4072753251916783,0.01615529397288648,3.9446081610539866e-4,0.00386167968158952
het_noncit,Total Ag Workforce,year::2020:early_activator,0.0018217431720628197,9.44437197731193e-4,1.9289193357050798,0.05387151319022171,-3.035562389293745e-5,0.003673841968018577
het_noncit,Total Ag Workforce,year::2006:het_noncit,-4.2701307168445537e-4,7.887354250096926e-4,-0.5413894927810652,0.5882948776260382,-0.0019737712198147914,0.0011197450764458806
het_noncit,Total Ag Workforce,year::2008:het_noncit,0.00081823026503032015,7.876823564879624e-4,1.0387820144640052,0.2990221785862415,-7.26462751669529e-4,0.0023629232817301694
het_noncit,Total Ag Workforce,year::2009:het_noncit,-5.725774387204471e-4,7.961530694545047e-4,-0.7191800932360363,0.4721076160310954,-0.0021338820388309334,9.88727161390039e-4
het_noncit,Total Ag Workforce,year::2010:het_noncit,6.994356594922774e-4,8.486105515753784e-4,0.8242127772201634,0.40990950051658315,-9.647412541064304e-4,0.0023636125730909854
het_noncit,Total Ag Workforce,year::2011:het_noncit,0.0017519863899695162,8.577648586198939e-4,2.0425019425351434,0.041222728302631066,6.985732338944911e-5,0.0034341154565495835
het_noncit,Total Ag Workforce,year::2012:het_noncit,0.005015666861111519,0.0011530912883688843,4.349756963480728,1.4261702630773957e-5,0.0027543847007460696,0.007276949021476969
het_noncit,Total Ag Workforce,year::2013:het_noncit,0.0038213620257874564,9.613057431236548e-4,3.975178607973745,7.263290512665398e-5,0.0019361829861839943,0.005706541065390918
het_noncit,Total Ag Workforce,year::2014:het_noncit,0.0014146583919717977,0.001169234911123388,1.2099009176972055,0.22644906332782685,-8.782823946504399e-4,0.003707599178594035
het_noncit,Total Ag Workforce,year::2015:het_noncit,0.004708374153431406,0.0011020343753546504,4.272438554302069,2.0172073016636055e-5,0.002547217705337822,0.00686953060152499
het_noncit,Total Ag Workforce,year::2016:het_noncit,0.004473391336272089,0.0011336051537366144,3.9461635486807713,8.194575185049683e-5,0.0022503226712845834,0.006696460001259595
het_noncit,Total Ag Workforce,year::2017:het_noncit,0.005439199436639653,0.0011322538423952197,4.803869267631126,1.662978493719631e-6,0.0032187807753944505,0.007659618097884855
het_noncit,Total Ag Workforce,year::2018:het_noncit,0.005417839664534291,0.001129559310840567,4.796418933063886,1.725332450296527e-6,0.003202705143579227,0.0076329741854893555
het_noncit,Total Ag Workforce,year::2019:het_noncit,0.0067347331329992086,0.0011219672636652808,6.002611084211097,2.270640257840491e-9,0.0045344870783878746,0.008934979187610543
het_noncit,Total Ag Workforce,year::2020:het_noncit,0.0029555401432824297,0.001212766237565292,2.4370237657801814,0.01488879059072755,5.772317774467833e-4,0.005333848509118076
het_noncit,Foreign-Born Ag Workforce,year::2006:early_x_het_noncit,-1.8326862271421344e-4,4.472621936693365e-4,-0.40975657077267963,0.6820250842832072,-0.0010603769919752912,6.938397465468644e-4
het_noncit,Foreign-Born Ag Workforce,year::2008:early_x_het_noncit,2.2528767162204654e-4,5.166933728346522e-4,0.4360181172560562,0.6628670762388068,-7.879794635609873e-4,0.0012385548068050804
het_noncit,Foreign-Born Ag Workforce,year::2009:early_x_het_noncit,-8.248386101137834e-4,3.822448881764651e-4,-2.157880028294827,0.03104686998361073,-0.0015744440882255988,-7.523313200196802e-5
het_noncit,Foreign-Born Ag Workforce,year::2010:early_x_het_noncit,-2.3193199241942317e-4,4.159533306804445e-4,-0.5575913818024084,0.5771811148453356,-0.0010476417768050088,5.837777919661625e-4
het_noncit,Foreign-Born Ag Workforce,year::2011:early_x_het_noncit,-3.6828249347360345e-4,4.3493235931421035e-4,-0.8467580891297704,0.39722360289014125,-0.0012212113075262228,4.84646320579016e-4
het_noncit,Foreign-Born Ag Workforce,year::2012:early_x_het_noncit,-4.8093222887291936e-4,6.36534075800775e-4,-0.7555482843049608,0.45000230083183135,-0.0017292142726208117,7.673498148749729e-4
het_noncit,Foreign-Born Ag Workforce,year::2013:early_x_het_noncit,-9.008631299695609e-5,5.187679210498002e-4,-0.17365436323559427,0.8621533472667754,-0.0011074217634270578,9.272491374331456e-4
het_noncit,Foreign-Born Ag Workforce,year::2014:early_x_het_noncit,7.705217444108162e-4,6.568840480300401e-4,1.1729950616422633,0.2409268841269925,-5.176678327909655e-4,0.002058711321612598
het_noncit,Foreign-Born Ag Workforce,year::2015:early_x_het_noncit,2.3631511035646284e-4,5.591758113045802e-4,0.42261325611551387,0.6726194409156699,-8.602626709218689e-4,0.0013328928916347947
het_noncit,Foreign-Born Ag Workforce,year::2016:early_x_het_noncit,-3.984555080225618e-4,6.099763640002498e-4,-0.653231061953736,0.5136767232786279,-0.0015946562633933604,7.977452473482368e-4
het_noncit,Foreign-Born Ag Workforce,year::2017:early_x_het_noncit,1.273114519921346e-4,5.780147037084028e-4,0.22025642457767086,0.8256922310834838,-0.0010062105432816636,0.0012608334472659329
het_noncit,Foreign-Born Ag Workforce,year::2018:early_x_het_noncit,-0.0011923419809146466,6.199778003976784e-4,-1.9232010890548517,0.0545858767305114,-0.002408156161459723,2.34721996304301e-5
het_noncit,Foreign-Born Ag Workforce,year::2019:early_x_het_noncit,-0.0013544869438247432,6.364276388755815e-4,-2.1282654320572942,0.03342778391498596,-0.0026025602582876502,-1.0641362936183616e-4
het_noncit,Foreign-Born Ag Workforce,year::2020:early_x_het_noncit,-7.532430271270722e-4,6.078054764989822e-4,-1.2392830539563813,0.21537507959367228,-0.0019451865400502925,4.38700485796148e-4
het_noncit,Foreign-Born Ag Workforce,year::2006:early_activator,-2.61647183822036e-4,2.37263742549066e-4,-1.102769352834968,0.2702499631018288,-7.269358159880837e-4,2.0364144834401167e-4
het_noncit,Foreign-Born Ag Workforce,year::2008:early_activator,2.170260152165904e-4,3.112217921876394e-4,0.6973355358282327,0.48566774281688496,-3.932988512442279e-4,8.273508816774087e-4
het_noncit,Foreign-Born Ag Workforce,year::2009:early_activator,-1.9394197991968827e-4,2.126792847067934e-4,-0.9118987784215233,0.3619235763843255,-6.110189947560914e-4,2.231350349167148e-4
het_noncit,Foreign-Born Ag Workforce,year::2010:early_activator,3.620253673371753e-4,2.4498273897938575e-4,1.477758673306523,0.1396179047068259,-1.1840068638419216e-4,8.424514210585428e-4
het_noncit,Foreign-Born Ag Workforce,year::2011:early_activator,-9.132664546425976e-4,2.2389825472243e-4,-4.078935120663569,4.6880636992588544e-5,-0.0013523445521425599,-4.7418835714263524e-4
het_noncit,Foreign-Born Ag Workforce,year::2012:early_activator,-0.0010177583020356817,2.4111438432787867e-4,-4.22106007848825,2.5320499068380075e-5,-0.0014905982769689652,-5.449183271023983e-4
het_noncit,Foreign-Born Ag Workforce,year::2013:early_activator,-4.177097162193486e-5,2.4848677223782823e-4,-0.16810138924399406,0.8665192249369366,-5.290686477174958e-4,4.4552670447362604e-4
het_noncit,Foreign-Born Ag Workforce,year::2014:early_activator,-6.459215984192496e-4,2.6809227466115303e-4,-2.4093256668273724,0.016065056841052004,-0.0011716668573922933,-1.20176339446206e-4
het_noncit,Foreign-Born Ag Workforce,year::2015:early_activator,-3.300783596468073e-4,2.4914514017703067e-4,-1.3248436610574437,0.18536288874237333,-8.18667135320426e-4,1.585104160268113e-4
het_noncit,Foreign-Born Ag Workforce,year::2016:early_activator,-0.0013348306703186365,3.149245540541665e-4,-4.238572868119543,2.3439168072565804e-5,-0.0019524168780429927,-7.172444625942802e-4
het_noncit,Foreign-Born Ag Workforce,year::2017:early_activator,-0.0010697610623635258,2.740914235427926e-4,-3.902935190515033,9.79385481949725e-5,-0.0016072710172286158,-5.322511074984358e-4
het_noncit,Foreign-Born Ag Workforce,year::2018:early_activator,-5.482776131669427e-4,2.436957669733145e-4,-2.2498446320037266,0.024558918148448208,-0.0010261798364964117,-7.037538983747363e-5
het_noncit,Foreign-Born Ag Workforce,year::2019:early_activator,-9.468001911660534e-4,2.676186082089213e-4,-3.537871291920466,4.1186263158820045e-4,-0.0014716165614125935,-4.2198382091951326e-4
het_noncit,Foreign-Born Ag Workforce,year::2020:early_activator,-0.0015334694493655237,2.5896199769626874e-4,-5.921600323627789,3.6985633658747403e-9,-0.0020413096798051426,-0.0010256292189259049
het_noncit,Foreign-Born Ag Workforce,year::2006:het_noncit,2.0081882377802508e-4,3.398324924438411e-4,0.5909347347390901,0.5546258646186089,-4.656133663071262e-4,8.672510138631763e-4
het_noncit,Foreign-Born Ag Workforce,year::2008:het_noncit,3.1194572084972203e-4,3.5536513915139284e-4,0.8778174516348007,0.3801402389422168,-3.849469342977666e-4,0.0010088383759972105
het_noncit,Foreign-Born Ag Workforce,year::2009:het_noncit,5.046717365452514e-4,2.855326863555309e-4,1.7674744807214806,0.07728970837845249,-5.527523068084186e-5,0.0010646187037713446
het_noncit,Foreign-Born Ag Workforce,year::2010:het_noncit,2.999110412254386e-4,2.783279454159549e-4,1.077545557910932,0.28135671148576596,-2.459069907454384e-4,8.457290731963157e-4
het_noncit,Foreign-Born Ag Workforce,year::2011:het_noncit,4.441548777478078e-4,3.3592010609601183e-4,1.3222039100596752,0.1862399925335589,-2.1460488471427273e-4,0.0011029146402098883
het_noncit,Foreign-Born Ag Workforce,year::2012:het_noncit,0.0011344431104813612,5.505674090830724e-4,2.060498118424207,0.039470231372892996,5.4746929618449975e-5,0.0022141392913442724
het_noncit,Foreign-Born Ag Workforce,year::2013:het_noncit,3.072846548563037e-4,3.8323933518070227e-4,0.8018087566909462,0.42275162810968636,-4.442709943241799e-4,0.0010588403040367872
het_noncit,Foreign-Born Ag Workforce,year::2014:het_noncit,-2.2142991083824417e-4,5.723826364926185e-4,-0.3868564430869135,0.6989005264065615,-0.0013439070796967395,9.010472580202511e-4
het_noncit,Foreign-Born Ag Workforce,year::2015:het_noncit,1.117437790662505e-4,4.605414972587262e-4,0.24263563594460263,0.8083106662923711,-7.914061123289859e-4,0.001014893670461487
het_noncit,Foreign-Born Ag Workforce,year::2016:het_noncit,2.8570328760127905e-4,5.219218905112713e-4,0.5474062168984826,0.5841561344304524,-7.378172888023704e-4,0.0013092238640049284
het_noncit,Foreign-Born Ag Workforce,year::2017:het_noncit,2.6260664625188797e-4,4.7490787442601136e-4,0.5529633438259633,0.5803456266302656,-6.687165846917006e-4,0.0011939298771954767
het_noncit,Foreign-Born Ag Workforce,year::2018:het_noncit,9.636198301126015e-4,5.169269294677209e-4,1.864131611608704,0.062438539426027805,-5.010532383539984e-5,0.0019773449840606028
het_noncit,Foreign-Born Ag Workforce,year::2019:het_noncit,7.901092835156843e-4,5.525074781513935e-4,1.4300426958188341,0.1528491247676864,-2.933914908068454e-4,0.0018736100578382142
het_noncit,Foreign-Born Ag Workforce,year::2020:het_noncit,-4.704141990352139e-4,5.12824048707541e-4,-0.9173013633443835,0.35908696154116526,-0.0014760933542295298,5.352649561591021e-4
het_noncit,US-Born Ag Workforce,year::2006:early_x_het_noncit,7.300363541844746e-4,8.680286143471454e-4,0.8410279823938104,0.4004251789820773,-9.722205617328406e-4,0.0024322932701017898
het_noncit,US-Born Ag Workforce,year::2008:early_x_het_noncit,5.123117795875399e-4,8.846643512266113e-4,0.5791029997729711,0.5625799488180288,-0.001222568828321485,0.0022471923874965646
het_noncit,US-Born Ag Workforce,year::2009:early_x_het_noncit,0.0014103027695566259,8.898548297215883e-4,1.5848683655488747,0.11314235725634703,-3.347566824238469e-4,0.0031553622215370987
het_noncit,US-Born Ag Workforce,year::2010:early_x_het_noncit,7.618165303653546e-4,9.578302831466629e-4,0.7953564882733044,0.42649339076807147,-0.0011165469208069844,0.0026401799815376934
het_noncit,US-Born Ag Workforce,year::2011:early_x_het_noncit,-5.958038013767786e-4,9.425002172006602e-4,-0.6321524287245133,0.5273540582991991,-0.0024441040606833996,0.0012524964579298421
het_noncit,US-Born Ag Workforce,year::2012:early_x_het_noncit,-0.0032537639384918344,0.0011150947088124656,-2.9179260853609215,0.0035600163989748523,-0.0054405324949713535,-0.0010669953820123153
het_noncit,US-Born Ag Workforce,year::2013:early_x_het_noncit,-0.0029292142250666366,0.0010625527120035794,-2.7567707389718366,0.005886513891765577,-0.005012944729613616,-8.454837205196576e-4
het_noncit,US-Born Ag Workforce,year::2014:early_x_het_noncit,5.032835119693729e-4,0.0011003059181198694,0.4574032582041827,0.6474271390593276,-0.0016544833263427566,0.0026610503502815025
het_noncit,US-Born Ag Workforce,year::2015:early_x_het_noncit,-0.0035306384151344767,0.0011211742037461265,-3.149054271261077,0.0016603441825503108,-0.005729329231001599,-0.0013319475992673545
het_noncit,US-Born Ag Workforce,year::2016:early_x_het_noncit,-0.0026415647736551845,0.0011975679581832386,-2.2057744244114135,0.027504555259541222,-0.004990068389093746,-2.930611582166228e-4
het_noncit,US-Born Ag Workforce,year::2017:early_x_het_noncit,-0.0026893530670652624,0.001165785061489229,-2.306903009745,0.021154237862353292,-0.00497552848869658,-4.0317764543394566e-4
het_noncit,US-Born Ag Workforce,year::2018:early_x_het_noncit,-0.003318578147013799,0.0011522151184921753,-2.880172368642927,0.004013666929061776,-0.005578142084952597,-0.0010590142090750009
het_noncit,US-Born Ag Workforce,year::2019:early_x_het_noncit,-0.0025648911214207477,0.0011227080838124518,-2.2845574538939655,0.02243519555568081,-0.004766589969405629,-3.631922734358664e-4
het_noncit,US-Born Ag Workforce,year::2020:early_x_het_noncit,-0.0010058134620443192,0.0012609922801055501,-0.7976364946184512,0.4251689797264677,-0.0034786960309472464,0.0014670691068586078
het_noncit,US-Born Ag Workforce,year::2006:early_activator,0.001018982313855401,6.176250366255374e-4,1.649839714113151,0.09912085161487931,-1.9221795381117106e-4,0.0022301825815219728
het_noncit,US-Born Ag Workforce,year::2008:early_activator,6.304283288403214e-4,6.350303770994149e-4,0.9927530265873045,0.32094131695089245,-6.149048702824762e-4,0.001875761527963119
het_noncit,US-Born Ag Workforce,year::2009:early_activator,-1.0437106641328505e-4,6.816008267034486e-4,-0.1531263788485616,0.8783128903609576,-0.0014410317501437977,0.0012322896173172276
het_noncit,US-Born Ag Workforce,year::2010:early_activator,0.001397222753514594,6.920878794870479e-4,2.0188516443174356,0.04362575116190452,3.9996321335917335e-5,0.0027544491856932706
het_noncit,US-Born Ag Workforce,year::2011:early_activator,0.0019680641196686403,6.741941561958105e-4,2.919135536228295,0.0035462875422815634,6.459283673599223e-4,0.003290199871977358
het_noncit,US-Born Ag Workforce,year::2012:early_activator,0.005014678547807341,8.147541466426587e-4,6.154836484688329,8.930085102444672e-10,0.0034168961038058884,0.006612460991808794
het_noncit,US-Born Ag Workforce,year::2013:early_activator,0.005146310070873278,7.699939812755903e-4,6.683571814870265,2.9570477500872736e-11,0.0036363050339691724,0.006656315107777384
het_noncit,US-Born Ag Workforce,year::2014:early_activator,0.0010337339200096392,7.997435321763661e-4,1.2925817820576904,0.19629373823607263,-5.346117959104089e-4,0.0026020796359296876
het_noncit,US-Born Ag Workforce,year::2015:early_activator,0.0060482429815393495,8.027328706843408e-4,7.534564987208184,7.155951575255682e-14,0.004474034990960251,0.007622450972118448
het_noncit,US-Born Ag Workforce,year::2016:early_activator,0.006516073435060528,8.511793607259886e-4,7.655347081610196,2.8847746464650244e-14,0.004846858930453848,0.008185287939667208
het_noncit,US-Born Ag Workforce,year::2017:early_activator,0.006360053989964709,8.438702449067044e-4,7.53676768241527,7.039201307500589e-14,0.004705173106101597,0.00801493487382782
het_noncit,US-Born Ag Workforce,year::2018:early_activator,0.006244198793346022,8.280220062098354e-4,7.541102466500911,6.814888886794472e-14,0.004620397269634124,0.00786800031705792
het_noncit,US-Born Ag Workforce,year::2019:early_activator,0.0030748704400135195,8.36550066866509e-4,3.6756562001496875,2.430113121836657e-4,0.0014343448705821107,0.0047153960094449285
het_noncit,US-Born Ag Workforce,year::2020:early_activator,0.003355212621428376,9.132791737876638e-4,3.6738083137418163,2.4476537138971133e-4,0.0015642166058044413,0.00514620863705231
het_noncit,US-Born Ag Workforce,year::2006:het_noncit,-6.278318954626528e-4,7.09900338858004e-4,-0.8843944158029671,0.3765815848147618,-0.002019989644020239,7.643258530949331e-4
het_noncit,US-Born Ag Workforce,year::2008:het_noncit,5.062845441805727e-4,7.39490725356449e-4,0.684639477982004,0.4936447660345117,-9.439017523178303e-4,0.0019564708406789757
het_noncit,US-Born Ag Workforce,year::2009:het_noncit,-0.001077249175265641,7.474758406851022e-4,-1.4411825996654066,0.14967778287022782,-0.0025430947686673156,3.8859641813603356e-4
het_noncit,US-Born Ag Workforce,year::2010:het_noncit,3.9952461826683015e-4,8.462157142798704e-4,0.47213093721241706,0.6368809355358327,-0.0012599558737146693,0.0020590051102483296
het_noncit,US-Born Ag Workforce,year::2011:het_noncit,0.001307831512221681,8.122135552646341e-4,1.6102064583194078,0.1074986386074405,-2.849686775403589e-4,0.002900631701983721
het_noncit,US-Born Ag Workforce,year::2012:het_noncit,0.0038812237506301067,9.555350604153306e-4,4.061832905370425,5.042361670056719e-5,0.0020073613708549588,0.005755086130405255
het_noncit,US-Born Ag Workforce,year::2013:het_noncit,0.003514077370931134,9.00093814427864e-4,3.9041234531367413,9.746202524014438e-5,0.0017489386470923962,0.005279216094769871
het_noncit,US-Born Ag Workforce,year::2014:het_noncit,0.0016360883028099917,9.657993499434612e-4,1.694025061112093,0.09040442115901962,-2.579029731184005e-4,0.003530079578738384
het_noncit,US-Born Ag Workforce,year::2015:het_noncit,0.004596630374365103,9.702351544242273e-4,4.737645666006516,2.3024683129415354e-6,0.002693940216014822,0.006499320532715384
het_noncit,US-Born Ag Workforce,year::2016:het_noncit,0.0041876880486708045,0.0010481496908344807,3.9953148727609618,6.676870530250292e-5,0.002132202744788831,0.006243173352552778
het_noncit,US-Born Ag Workforce,year::2017:het_noncit,0.005176592790387737,0.001020175352866226,5.074218638828982,4.2226212817462475e-7,0.0031759668649727797,0.007177218715802694
het_noncit,US-Born Ag Workforce,year::2018:het_noncit,0.004454219834421621,9.903042744091885e-4,4.497829555546441,7.228314042561096e-6,0.002512172910953097,0.006396266757890145
het_noncit,US-Born Ag Workforce,year::2019:het_noncit,0.005944623849483403,9.76906900306469e-4,6.085148797309645,1.3726272368462326e-9,0.004028849991608043,0.007860397707358763
het_noncit,US-Born Ag Workforce,year::2020:het_noncit,0.0034259543423176197,0.0010724415952800617,3.1945369868118108,0.0014207015189413616,0.0013228311361132747,0.005529077548521964
het_noncit,Noncitizen Ag Workforce,year::2006:early_x_het_noncit,-2.3840989292359384e-4,4.11183248705326e-4,-0.5798142158618189,0.5621002690546377,-0.0010447652563863796,0.00056794547053919185
het_noncit,Noncitizen Ag Workforce,year::2008:early_x_het_noncit,2.127153006899826e-4,4.926039248404527e-4,0.43181811992033564,0.665916627771445,-7.533109615874985e-4,0.0011787415629674637
het_noncit,Noncitizen Ag Workforce,year::2009:early_x_het_noncit,-8.46652185197512e-4,3.762843064249261e-4,-2.2500332082449757,0.02454692577912069,-0.0015845685999054911,-1.0873577048953285e-4
het_noncit,Noncitizen Ag Workforce,year::2010:early_x_het_noncit,-4.646749306292822e-5,4.1269616339521104e-4,-0.11259492378277688,0.9103621529166794,-8.557897742649253e-4,7.62854788139069e-4
het_noncit,Noncitizen Ag Workforce,year::2011:early_x_het_noncit,-3.2608398513343074e-4,4.1887885917436265e-4,-0.778468471233338,0.43637799612053385,-0.001147530908858865,4.953629385920037e-4
het_noncit,Noncitizen Ag Workforce,year::2012:early_x_het_noncit,-2.58581120729258e-4,5.493409754178134e-4,-0.47071151124779725,0.6378942037564849,-0.0013358721905692207,8.187099491107048e-4
het_noncit,Noncitizen Ag Workforce,year::2013:early_x_het_noncit,-3.7591914893951237e-4,4.937230968393594e-4,-0.76139672489704,0.4465031069245369,-0.001344140175587374,5.923018777083493e-4
het_noncit,Noncitizen Ag Workforce,year::2014:early_x_het_noncit,5.514912116406539e-4,6.258371759869759e-4,0.8812055799832044,0.37830441970619166,-6.758135608676157e-4,0.0017787959841489235
het_noncit,Noncitizen Ag Workforce,year::2015:early_x_het_noncit,3.123856183973886e-4,5.393222059266968e-4,0.5792189065544378,0.5625017619913637,-7.452580350171817e-4,0.0013700292718119588
het_noncit,Noncitizen Ag Workforce,year::2016:early_x_het_noncit,-7.810609249483157e-4,5.14129899107689e-4,-1.5191898512494713,0.12886079557312585,-0.001789300932213709,2.271790823170775e-4
het_noncit,Noncitizen Ag Workforce,year::2017:early_x_het_noncit,4.762440014997686e-5,5.44071134142993e-4,0.08753340723542263,0.9302556310327866,-0.0010193321903795355,0.001114580990679489
het_noncit,Noncitizen Ag Workforce,year::2018:early_x_het_noncit,-0.001082485125712211,5.473586924368397e-4,-1.9776522062580018,0.04809464784237054,-0.0021558888180419223,-9.081433382499568e-6
het_noncit,Noncitizen Ag Workforce,year::2019:early_x_het_noncit,-0.0015195851165454462,5.874036982154393e-4,-2.586951905754116,0.009747601910527424,-0.0026715195011909163,-3.6765073189997614e-4
het_noncit,Noncitizen Ag Workforce,year::2020:early_x_het_noncit,-6.447255583972073e-4,5.729970388288584e-4,-1.1251813093396676,0.2606369909973606,-0.0017684076076118728,4.7895649081745797e-4
het_noncit,Noncitizen Ag Workforce,year::2006:early_activator,2.8218629454100686e-5,2.193115026891164e-4,0.12866917196815628,0.8976313864112374,-4.018645682911131e-4,4.583018271993145e-4
het_noncit,Noncitizen Ag Workforce,year::2008:early_activator,2.9698636849454977e-4,2.856481472952202e-4,1.0396929625019111,0.2985987194867812,-2.6318702465789634e-4,8.571597616469958e-4
het_noncit,Noncitizen Ag Workforce,year::2009:early_activator,2.062744316311376e-5,2.0639852215054654e-4,0.09993987819383783,0.9204013138840197,-3.8413261423445315e-4,4.2538750056068063e-4
het_noncit,Noncitizen Ag Workforce,year::2010:early_activator,5.281050649743546e-4,2.3851630237973722e-4,2.2141256581010076,0.026924018218545037,6.0360086785700396e-5,9.95850043163009e-4
het_noncit,Noncitizen Ag Workforce,year::2011:early_activator,-5.370724626106521e-4,2.0426298299519696e-4,-2.6293186104272297,0.00861618785065203,-9.376445978172667e-4,-1.365003274040376e-4
het_noncit,Noncitizen Ag Workforce,year::2012:early_activator,-8.726768159050122e-4,2.2311392676894622e-4,-3.911350710118354,9.46105648122331e-5,-0.0013102167985766181,-4.351368332334063e-4
het_noncit,Noncitizen Ag Workforce,year::2013:early_activator,1.0544818971795235e-4,2.4146149632614552e-4,0.4367080935153403,0.6623666280324572,-3.680724929591559e-4,5.789688723950606e-4
het_noncit,Noncitizen Ag Workforce,year::2014:early_activator,-4.5480155568845815e-4,2.4522361663298754e-4,-1.8546401114748021,0.06378357754561907,-9.356999851414044e-4,2.6096873764488147e-5
het_noncit,Noncitizen Ag Workforce,year::2015:early_activator,-9.39844488187189e-5,2.3322432032745266e-4,-0.40297876605133814,0.6870036529835737,-5.513515282854664e-4,3.633826306480286e-4
het_noncit,Noncitizen Ag Workforce,year::2016:early_activator,-6.367172327030512e-4,2.477270189290523e-4,-2.570237334044712,0.01022923511206991,-0.0011225249863434318,-1.5090947906267068e-4
het_noncit,Noncitizen Ag Workforce,year::2017:early_activator,-6.83817876129513e-4,2.495881800318652e-4,-2.7397846967040236,0.006198399567947839,-0.0011732754799090878,-1.9436027234993815e-4
het_noncit,Noncitizen Ag Workforce,year::2018:early_activator,-4.0624552786299416e-4,2.2650231627484868e-4,-1.7935601478354708,0.07302297874495393,-8.504303484753197e-4,3.793929274933136e-5
het_noncit,Noncitizen Ag Workforce,year::2019:early_activator,-6.23933709807874e-4,2.5009274530643396e-4,-2.4948093118150214,0.012676509646557681,-0.0011143807967841663,-1.334866228315817e-4
het_noncit,Noncitizen Ag Workforce,year::2020:early_activator,-0.0014280432747208738,2.3903722215477935e-4,-5.974146042394182,2.69711965018108e-9,-0.0018968098082765368,-9.592767411652108e-4
het_noncit,Noncitizen Ag Workforce,year::2006:het_noncit,2.4893340602934573e-4,3.050738975754816e-4,0.8159774009107235,0.41460286712440764,-3.4933506511350545e-4,8.47201877172197e-4
het_noncit,Noncitizen Ag Workforce,year::2008:het_noncit,2.5115471199368115e-4,3.4499062884010915e-4,0.7280044470717563,0.46668962670278447,-4.2539289733994277e-4,9.277023213273051e-4
het_noncit,Noncitizen Ag Workforce,year::2009:het_noncit,6.356804205050864e-4,2.776428729501152e-4,2.2895614562355457,0.02214262116316362,9.120585731346991e-5,0.0011801549836967028
het_noncit,Noncitizen Ag Workforce,year::2010:het_noncit,3.523131851047434e-4,2.7429668263574e-4,1.2844237914922494,0.19913119441700028,-1.8559929532776403e-4,8.902256655372509e-4
het_noncit,Noncitizen Ag Workforce,year::2011:het_noncit,4.993304158098993e-4,3.210036697108193e-4,1.5555286837054798,0.11996643553649489,-1.301773075167756e-4,0.0011288381391365743
het_noncit,Noncitizen Ag Workforce,year::2012:het_noncit,8.7477682692135e-4,4.655863563556631e-4,1.878871266264308,0.060396384722970216,-3.82663400475818e-5,0.0017878199938902819
het_noncit,Noncitizen Ag Workforce,year::2013:het_noncit,4.1993838864250085e-4,3.6339570662662844e-4,1.155595349600449,0.24797428375585026,-2.9270269783261384e-4,0.0011325794751176155
het_noncit,Noncitizen Ag Workforce,year::2014:het_noncit,-6.917890248223411e-6,5.444679876381299e-4,-0.01270577959639613,0.9898636985961804,-0.0010746527346227554,0.0010608169541263086
het_noncit,Noncitizen Ag Workforce,year::2015:het_noncit,1.1016645150053484e-4,4.5060655518350707e-4,0.24448479551228489,0.8068785544817456,-7.735004141312027e-4,9.938333171322724e-4
het_noncit,Noncitizen Ag Workforce,year::2016:het_noncit,5.495141025618865e-4,4.226346857901479e-4,1.300210609866362,0.19366725598289514,-2.79298225628371e-4,0.001378326430752144
het_noncit,Noncitizen Ag Workforce,year::2017:het_noncit,1.4411645222406474e-4,4.482058563806512e-4,0.3215407611757528,0.7478316812936725,-7.348424970179932e-4,0.0010230754014661225
het_noncit,Noncitizen Ag Workforce,year::2018:het_noncit,7.102624145825115e-4,4.4829476757562406e-4,1.5843647215059127,0.11325686083849797,-1.6887089492145888e-4,0.0015893957240864817
het_noncit,Noncitizen Ag Workforce,year::2019:het_noncit,6.000054858076495e-4,5.048717539772388e-4,1.1884314800362146,0.23479386528336402,-3.900787356732762e-4,0.0015900897072885752
het_noncit,Noncitizen Ag Workforce,year::2020:het_noncit,-4.795985404434947e-4,4.853067588757461e-4,-0.9882379168889488,0.32314662340525957,-0.0014313146163691575,4.721175354821681e-4
het_undoc,Total Ag Workforce,year::2006:early_x_het_undoc,8.800985937100537e-4,0.00103175167197528,0.853013973822899,0.3937459573229045,-0.001143229197678612,0.002903426385098719
het_undoc,Total Ag Workforce,year::2008:early_x_het_undoc,0.0010277491996760592,0.0010508589482255933,0.9780087055560067,0.3281793371969043,-0.0010330491227571407,0.003088547522109259
het_undoc,Total Ag Workforce,year::2009:early_x_het_undoc,7.460044995219431e-4,0.001006720509233039,0.7410244379448273,0.45875902384770195,-0.0012282356590546653,0.0027202446580985515
het_undoc,Total Ag Workforce,year::2010:early_x_het_undoc,0.0013335667073721942,0.0010601609714978118,1.257890776235717,0.20856697475793273,-7.454734485506389e-4,0.0034126068632950274
het_undoc,Total Ag Workforce,year::2011:early_x_het_undoc,3.6235822658142616e-4,0.0010739610608273857,0.3374035053954967,0.7358454651105599,-0.0017437447439920643,0.0024684611971549164
het_undoc,Total Ag Workforce,year::2012:early_x_het_undoc,-0.0027883577099311234,0.0014136522344963668,-1.97244954727109,0.04868543973589188,-0.005560615735875681,-1.6099683986566058e-5
het_undoc,Total Ag Workforce,year::2013:early_x_het_undoc,-0.0019246126690215528,0.0012426897047276395,-1.5487475768887702,0.12158863585673454,-0.00436160277424161,5.123774361985047e-4
het_undoc,Total Ag Workforce,year::2014:early_x_het_undoc,0.0027691979781447142,0.001412501058273341,1.9604926749788185,0.05006635272593391,-8.025211991110476e-7,0.0055391984774885395
het_undoc,Total Ag Workforce,year::2015:early_x_het_undoc,-0.0010655062838051093,0.0013820960690098451,-0.7709350367868816,0.44082960139169725,-0.0037758807496326265,0.0016448681820224076
het_undoc,Total Ag Workforce,year::2016:early_x_het_undoc,-0.0010740789419449196,0.0014136453218065851,-0.7597937936598463,0.447460615584214,-0.003846323411684308,0.001698165527794469
het_undoc,Total Ag Workforce,year::2017:early_x_het_undoc,-0.0013188546436576902,0.001410519292716636,-0.9350135446340467,0.34988564205760253,-0.00408496878019173,0.00144725949287635
het_undoc,Total Ag Workforce,year::2018:early_x_het_undoc,-0.0028871166998195195,0.0013825714320101722,-2.0882224476617695,0.03689441458685891,-0.005598423381407558,-1.758100182314812e-4
het_undoc,Total Ag Workforce,year::2019:early_x_het_undoc,-0.002399644760622813,0.0013904760140474174,-1.7257721358586349,0.08453116378858858,-0.005126452808430738,3.271632871851126e-4
het_undoc,Total Ag Workforce,year::2020:early_x_het_undoc,3.6242997071775503e-4,0.0014959042167968463,0.24228153557439663,0.8085849785966625,-0.002571129196001068,0.0032959891374365778
het_undoc,Total Ag Workforce,year::2006:early_activator,6.176257405682764e-4,6.28352187074495e-4,0.9829292445751495,0.32575214255542106,-6.146111216736456e-4,0.0018498626028101983
het_undoc,Total Ag Workforce,year::2008:early_activator,8.156047117196339e-4,6.209368899496468e-4,1.3135066138295843,0.18915153661616058,-4.020903017793772e-4,0.0020332997252186452
het_undoc,Total Ag Workforce,year::2009:early_activator,-2.1822288225064896e-4,6.830912987750723e-4,-0.31946371245244803,0.7494057402501513,-0.0015578064723807523,0.0011213607078794543
het_undoc,Total Ag Workforce,year::2010:early_activator,0.0016189785354463512,6.971546991672227e-4,2.322265829062447,0.02031098675344645,2.5181576165436204e-4,0.00298614130923834
het_undoc,Total Ag Workforce,year::2011:early_activator,7.641364302520206e-4,6.754190062339672e-4,1.1313516842126314,0.258032457445988,-5.604013274905644e-4,0.0020886741879946056
het_undoc,Total Ag Workforce,year::2012:early_activator,0.0037414817455772706,8.233693457928438e-4,4.54411105379992,5.8205973440918255e-6,0.0021268043719697965,0.005356159119184745
het_undoc,Total Ag Workforce,year::2013:early_activator,0.004793084610850491,7.84835332379679e-4,6.107121345209451,1.1992170561644366e-9,0.0032539747816147484,0.006332194440086234
het_undoc,Total Ag Workforce,year::2014:early_activator,1.9616030318065877e-4,8.205274837383176e-4,0.23906609719756586,0.8110769683220701,-0.0014129440060641403,0.001805264612425458
het_undoc,Total Ag Workforce,year::2015:early_activator,0.005004596180400832,7.90995448054409e-4,6.326959520071207,3.0294684831658514e-10,0.003453405989599997,0.006555786371201668
het_undoc,Total Ag Workforce,year::2016:early_activator,0.004570440384049461,8.583548431338175e-4,5.3246514778934255,1.1161461259027587e-7,0.0028871543219481507,0.006253726446150771
het_undoc,Total Ag Workforce,year::2017:early_activator,0.004938291308794212,8.543308162398026e-4,5.780303384734842,8.536273858323735e-9,0.0032628966082182656,0.006613686009370158
het_undoc,Total Ag Workforce,year::2018:early_activator,0.005042048163391163,8.076440520580452e-4,6.242908804371152,5.153624214679136e-10,0.003458209047385398,0.006625887279396928
het_undoc,Total Ag Workforce,year::2019:early_activator,0.001621596131711717,8.400932959534544e-4,1.9302571982452315,0.05370551007465259,-2.587792549790715e-5,0.003269070188921341
het_undoc,Total Ag Workforce,year::2020:early_activator,0.0011402371689454751,8.94952170340803e-4,1.2740760978447219,0.2027732588518089,-6.148184780663912e-4,0.0028952928159573415
het_undoc,Total Ag Workforce,year::2006:het_undoc,-5.640611426680578e-4,8.580421327055601e-4,-0.6573816379965776,0.5110054674071585,-0.002246733960597019,0.001118611675260903
het_undoc,Total Ag Workforce,year::2008:het_undoc,2.7666704661679937e-4,8.583926205243297e-4,0.32230827712358895,0.7472502970106849,-0.0014066930992453473,0.001960027192478946
het_undoc,Total Ag Workforce,year::2009:het_undoc,-0.0010453704904370843,8.454722758232881e-4,-1.2364337901194253,0.21643154036431753,-0.0027033930543810068,6.12652073506838e-4
het_undoc,Total Ag Workforce,year::2010:het_undoc,-4.8339227246599537e-4,8.938535636745524e-4,-0.5407958217214157,0.5887039819241829,-0.002236293484975833,0.001269508940043842
het_undoc,Total Ag Workforce,year::2011:het_undoc,-1.395805033992263e-4,9.151191045623132e-4,-0.15252714395683545,0.8787854024935366,-0.0019341847351973611,0.0016550237283989087
het_undoc,Total Ag Workforce,year::2012:het_undoc,0.003264101903589315,0.0012334539515542675,2.6463103056877326,0.00819646777564027,8.45223672163766e-4,0.0056829801350148645
het_undoc,Total Ag Workforce,year::2013:het_undoc,0.002127606990138399,0.001020871364831112,2.0841087951275625,0.03726731047295865,1.256161429210893e-4,0.004129597837355709
het_undoc,Total Ag Workforce,year::2014:het_undoc,-0.0010095571046045341,0.0012603124763200908,-0.8010371424333417,0.4231980827329882,-0.0034811065369309262,0.001461992327721858
het_undoc,Total Ag Workforce,year::2015:het_undoc,0.0019692027828592377,0.0012187995718044246,1.6156904124472626,0.10630703407509401,-4.209373184340336e-4,0.004359342884152509
het_undoc,Total Ag Workforce,year::2016:het_undoc,0.0019554489779655864,0.0012187646639096592,1.6044516516361143,0.10876045379403876,-4.3462266682256284e-4,0.004345520622753736
het_undoc,Total Ag Workforce,year::2017:het_undoc,0.0033967745555374363,0.0012226051733374948,2.77830867201784,0.005511430309375738,9.9917143813868e-4,0.005794377672936193
het_undoc,Total Ag Workforce,year::2018:het_undoc,0.0035363851845845616,0.0012080107620805248,2.9274450986628127,0.0034532588757530507,0.0011674025954556064,0.005905367773713517
het_undoc,Total Ag Workforce,year::2019:het_undoc,0.004444315642965487,0.0012203308072415667,3.641894162298016,2.769984958544306e-4,0.002051172695833161,0.006837458590097814
het_undoc,Total Ag Workforce,year::2020:het_undoc,5.832394857550287e-4,0.0013132316050789915,0.44412538009237645,0.6569963447867624,-0.001992087577199254,0.0031585665487093117
het_undoc,Foreign-Born Ag Workforce,year::2006:early_x_het_undoc,-2.48166081972064e-4,4.7882141121409017e-4,-0.5182852649442282,0.6043122382004398,-0.0011871639966220353,6.908318326779074e-4
het_undoc,Foreign-Born Ag Workforce,year::2008:early_x_het_undoc,3.2429490805167306e-4,5.438021521955173e-4,0.5963472316951715,0.5510056584387807,-7.42134192516357e-4,0.0013907240086197031
het_undoc,Foreign-Born Ag Workforce,year::2009:early_x_het_undoc,-9.834084758847418e-4,4.0484573359498785e-4,-2.429094329714623,0.015217518438734779,-0.001777335586697795,-1.8948136507168872e-4
het_undoc,Foreign-Born Ag Workforce,year::2010:early_x_het_undoc,-1.7985609480263904e-4,4.3734465661061564e-4,-0.4112456665105015,0.68093312798713,-0.0010375155705963383,6.778033809910601e-4
het_undoc,Foreign-Born Ag Workforce,year::2011:early_x_het_undoc,-9.443427366266403e-4,4.645494242608828e-4,-2.0328143515173402,0.042193131626452884,-0.0018553524166799317,-3.3333056573348844e-5
het_undoc,Foreign-Born Ag Workforce,year::2012:early_x_het_undoc,-0.0010752100028506293,6.876526235726229e-4,-1.5635947075494239,0.11805899450485942,-0.0024237386283793814,2.733186226781231e-4
het_undoc,Foreign-Born Ag Workforce,year::2013:early_x_het_undoc,-3.869123431168541e-4,5.514115663267669e-4,-0.7016761467197254,0.48295660550942954,-0.0014682639676857096,6.944392814520015e-4
het_undoc,Foreign-Born Ag Workforce,year::2014:early_x_het_undoc,8.211769375676711e-4,7.255237868093555e-4,1.1318401305337908,0.2578270569666326,-6.016193428148877e-4,0.0022439732179502297
het_undoc,Foreign-Born Ag Workforce,year::2015:early_x_het_undoc,5.004110187235691e-4,6.1279094938177e-4,0.8166096761520739,0.41424140845634483,-7.013093097948683e-4,0.0017021313472420064
het_undoc,Foreign-Born Ag Workforce,year::2016:early_x_het_undoc,-6.83400437055879e-4,6.583651641417682e-4,-1.0380264240541135,0.29937372301584847,-0.001974494573050762,6.076936989390041e-4
het_undoc,Foreign-Born Ag Workforce,year::2017:early_x_het_undoc,-2.4105312237660855e-4,6.31245728878128e-4,-0.38186891625392316,0.7025960914078762,-0.0014789643961129427,9.968581513597255e-4
het_undoc,Foreign-Born Ag Workforce,year::2018:early_x_het_undoc,-0.001588338556194347,6.691775749756557e-4,-2.373568116433265,0.01770399431729704,-0.0029006364875659154,-2.7604062482277877e-4
het_undoc,Foreign-Born Ag Workforce,year::2019:early_x_het_undoc,-0.001393936526720679,7.089627685859424e-4,-1.9661632295599203,0.04940741075071255,-0.00278425564294127,-3.617410500087728e-6
het_undoc,Foreign-Born Ag Workforce,year::2020:early_x_het_undoc,-9.631742282697472e-4,6.662719394533336e-4,-1.4456172791248234,0.1484293767445198,-0.0022697740316288788,3.434255750893845e-4
het_undoc,Foreign-Born Ag Workforce,year::2006:early_activator,-3.0850528725770264e-4,2.1554863454726475e-4,-1.431256049966091,0.15250124073963442,-7.312092716771329e-4,1.1419869716172758e-4
het_undoc,Foreign-Born Ag Workforce,year::2008:early_activator,8.485427169616905e-5,2.867788794748563e-4,0.2958874511663916,0.7673444244023183,-4.775365560442872e-4,6.472450994366252e-4
het_undoc,Foreign-Born Ag Workforce,year::2009:early_activator,-1.898172575574878e-4,2.045546294072776e-4,-0.9279538581331883,0.3535349920354247,-5.909613291193803e-4,2.1132681400440472e-4
het_undoc,Foreign-Born Ag Workforce,year::2010:early_activator,2.838950003092534e-4,2.3554796113509028e-4,1.2052534818861596,0.22823724012461816,-1.78028880131024e-4,7.458188807495307e-4
het_undoc,Foreign-Born Ag Workforce,year::2011:early_activator,-7.333613555976969e-4,2.10193642504693e-4,-3.4889797182201794,4.945598090686897e-4,-0.0011455638748712968,-3.21158836324097e-4
het_undoc,Foreign-Born Ag Workforce,year::2012:early_activator,-8.436922703630196e-4,2.307623242739612e-4,-3.656109258812056,2.621784555122619e-4,-0.0012962312258028084,-3.911533149232306e-4
het_undoc,Foreign-Born Ag Workforce,year::2013:early_activator,4.64486411694324e-5,2.4210537525035396e-4,0.19185299426500235,0.8478753584456882,-4.283347272459468e-4,5.212320095848116e-4
het_undoc,Foreign-Born Ag Workforce,year::2014:early_activator,-6.395391712319018e-4,2.550914316206251e-4,-2.5070978165312576,0.012245457501196629,-0.0011397889861461813,-1.3928935631762234e-4
het_undoc,Foreign-Born Ag Workforce,year::2015:early_activator,-4.910231800154064e-4,2.3083380859343006e-4,-2.127171851503999,0.03351861776670656,-9.437023205541475e-4,-3.8344039476665315e-5
het_undoc,Foreign-Born Ag Workforce,year::2016:early_activator,-0.0011977606812668534,3.0062937972419876e-4,-3.984177070004583,6.995448972632072e-5,-0.0017873131825381877,-6.082081799955191e-4
het_undoc,Foreign-Born Ag Workforce,year::2017:early_activator,-9.372475341777756e-4,2.544932014041054e-4,-3.6827998901610584,2.3634072208906614e-4,-0.0014363241832464255,-4.3817088510912574e-4
het_undoc,Foreign-Born Ag Workforce,year::2018:early_activator,-4.5944970382407504e-4,2.3382561197139674e-4,-1.9649246288737536,0.04955071640375565,-9.179959527818617e-4,-9.034548662884218e-7
het_undoc,Foreign-Born Ag Workforce,year::2019:early_activator,-9.990883687494567e-4,2.475530356480409e-4,-4.035855856641212,5.629467592087332e-5,-0.00148455493059217,-5.136218069067433e-4
het_undoc,Foreign-Born Ag Workforce,year::2020:early_activator,-0.0013829646533118954,2.4298938732786985e-4,-5.691461131369647,1.4306520176825969e-8,-0.0018594816231867583,-9.064476834370326e-4
het_undoc,Foreign-Born Ag Workforce,year::2006:het_undoc,4.425465599254764e-4,3.842746148783955e-4,1.1516414116126854,0.24959567540372055,-3.110393357194426e-4,0.0011961324555703954
het_undoc,Foreign-Born Ag Workforce,year::2008:het_undoc,5.020412963243318e-4,3.9857002352032534e-4,1.2596062591213155,0.20794727004811892,-2.7957876527362035e-4,0.001283661357922284
het_undoc,Foreign-Born Ag Workforce,year::2009:het_undoc,7.120291345069238e-4,3.1597665464382037e-4,2.253423232515539,0.024332204115851134,9.237969352576293e-5,0.0013316785754880847
het_undoc,Foreign-Born Ag Workforce,year::2010:het_undoc,4.0038297790675293e-4,3.109859694901789e-4,1.287463156499082,0.19807057775483825,-2.094794258989784e-4,0.0010102453817124842
het_undoc,Foreign-Born Ag Workforce,year::2011:het_undoc,9.259451182584489e-4,3.7343056936662514e-4,2.4795643265867136,0.013229911908976705,1.936250555179171e-4,0.0016582651809989807
het_undoc,Foreign-Born Ag Workforce,year::2012:het_undoc,0.001580462648741579,6.116728691113599e-4,2.5838364402816816,0.00983581071315389,3.8093494364752956e-4,0.0027799903538356287
het_undoc,Foreign-Born Ag Workforce,year::2013:het_undoc,5.624861147385272e-4,4.2665387695910395e-4,1.3183663506061218,0.18752055834384065,-2.742080918260912e-4,0.0013991803213031456
het_undoc,Foreign-Born Ag Workforce,year::2014:het_undoc,-2.904816552529082e-4,6.517425819583455e-4,-0.44569997924652033,0.6558585648747193,-0.0015685885047267809,9.876251942209646e-4
het_undoc,Foreign-Born Ag Workforce,year::2015:het_undoc,9.897454801804753e-5,5.271466018532749e-4,0.18775526138285897,0.8510861109469596,-9.347920051524928e-4,0.001132741101188588
het_undoc,Foreign-Born Ag Workforce,year::2016:het_undoc,3.5940845035374174e-4,5.784689975440171e-4,0.6213097882162536,0.5344612546152435,-7.750044427669144e-4,0.001493821343474398
het_undoc,Foreign-Born Ag Workforce,year::2017:het_undoc,5.285308999406482e-4,5.411633149077502e-4,0.9766569266261972,0.32884819056357684,-5.327232801825524e-4,0.0015897850800638488
het_undoc,Foreign-Born Ag Workforce,year::2018:het_undoc,0.0012962401553035844,5.769097934626816e-4,2.246868002575231,0.024748888758973395,1.6488495623461093e-4,0.0024275953543725576
het_undoc,Foreign-Born Ag Workforce,year::2019:het_undoc,8.944503275227085e-4,6.360709312029936e-4,1.406211608870484,0.15980487125078324,-3.5292346149531407e-4,0.002141824116540731
het_undoc,Foreign-Born Ag Workforce,year::2020:het_undoc,-4.986786266548771e-4,5.82231244925754e-4,-0.8564958184586409,0.3918184162952407,-0.0016404695157529704,6.431122624432162e-4
het_undoc,US-Born Ag Workforce,year::2006:early_x_het_undoc,0.0011282646756816082,9.07485978852983e-4,1.2432860693976544,0.21389711481208895,-6.513705322686825e-4,0.002907899883631899
het_undoc,US-Born Ag Workforce,year::2008:early_x_het_undoc,7.034542916239191e-4,9.278716109940369e-4,0.7581375303317044,0.44845120805674243,-0.0011161583810365121,0.0025230669642843503
het_undoc,US-Born Ag Workforce,year::2009:early_x_het_undoc,0.0017294129754061318,9.145297842522664e-4,1.8910406256698642,0.05875237661627924,-6.403556341496664e-5,0.00352286151422723
het_undoc,US-Born Ag Workforce,year::2010:early_x_het_undoc,0.0015134228021743512,9.851352196223759e-4,1.536258954130662,0.12462107125565139,-4.1848729041766425e-4,0.0034453328947663666
het_undoc,US-Born Ag Workforce,year::2011:early_x_het_undoc,0.0013067009632075147,9.756398577745169e-4,1.3393271633942514,0.18060483794739982,-6.065881471870279e-4,0.0032199900736020574
het_undoc,US-Born Ag Workforce,year::2012:early_x_het_undoc,-0.0017131477070809651,0.0011444898850790713,-1.4968657472779727,0.13457402552460726,-0.0039575619923618004,5.312665781998704e-4
het_undoc,US-Born Ag Workforce,year::2013:early_x_het_undoc,-0.0015377003259051602,0.0011008626729036674,-1.396813938517215,0.1626127555692054,-0.003696558994216354,6.211583424060336e-4
het_undoc,US-Born Ag Workforce,year::2014:early_x_het_undoc,0.001948021040576564,0.0011388014934856526,1.7105887652237317,0.0873003815880686,-2.85237962758151e-4,0.004181280043911279
het_undoc,US-Born Ag Workforce,year::2015:early_x_het_undoc,-0.0015659173025292115,0.0011821989888310942,-1.324580140334514,0.18545031053515643,-0.003884281434156072,7.524468290976492e-4
het_undoc,US-Born Ag Workforce,year::2016:early_x_het_undoc,-3.9067850488961453e-4,0.0012648068732902856,-0.30888391986145536,0.7574395629323173,-0.0028710417230739145,0.002089684713294685
het_undoc,US-Born Ag Workforce,year::2017:early_x_het_undoc,-0.0010778015212815845,0.0012202758316859253,-0.883244175861863,0.3772024665997059,-0.0034708366580050716,0.0013152336154419026
het_undoc,US-Born Ag Workforce,year::2018:early_x_het_undoc,-0.001298778143625639,0.001194423273478279,-1.0873684165944524,0.276995118588356,-0.0036411148410629745,0.0010435585538116968
het_undoc,US-Born Ag Workforce,year::2019:early_x_het_undoc,-0.001005708233902706,0.00117535676958734,-0.8556620933538363,0.3922794420887048,-0.0033106543573724703,0.0012992378895670584
het_undoc,US-Born Ag Workforce,year::2020:early_x_het_undoc,0.0013256041989869191,0.0013147459189896823,1.008258842899152,0.3134429386715689,-0.0012526925256636915,0.00390390092363753
het_undoc,US-Born Ag Workforce,year::2006:early_activator,9.261310278261304e-4,5.803929858233003e-4,1.5956964512801495,0.11070259858460418,-2.1205492334862807e-4,0.0020643169790008887
het_undoc,US-Born Ag Workforce,year::2008:early_activator,7.307504400235818e-4,5.88743896830544e-4,1.2412025737464434,0.21466545198136247,-4.2381215563193754e-4,0.0018853130356791012
het_undoc,US-Born Ag Workforce,year::2009:early_activator,-2.8405624693005285e-5,6.347018789060604e-4,-0.04475427856297473,0.9643072981735279,-0.0012730946188757104,0.0012162833694897
het_undoc,US-Born Ag Workforce,year::2010:early_activator,0.0013350835351372333,6.504174244976572e-4,2.0526564708323587,0.04022592662373442,5.9575400054628176e-5,0.0026105916702198386
het_undoc,US-Born Ag Workforce,year::2011:early_activator,0.0014974977858498869,6.295899405202301e-4,2.378528768443321,0.01746819990976323,2.628336138069075e-4,0.002732161957892866
het_undoc,US-Born Ag Workforce,year::2012:early_activator,0.004585174015940419,7.735716680690621e-4,5.92727759457068,3.5749520272105494e-9,0.0030681529175994975,0.006102195114281341
het_undoc,US-Born Ag Workforce,year::2013:early_activator,0.004746635969681193,7.223122998059744e-4,6.571445579642242,6.223996915745478e-11,0.0033301376106707253,0.0061631343286916605
het_undoc,US-Born Ag Workforce,year::2014:early_activator,8.356994744126919e-4,7.554696558481316e-4,1.1061985983732066,0.26876352733195474,-6.458224767966867e-4,0.0023172214256220705
het_undoc,US-Born Ag Workforce,year::2015:early_activator,0.005495619360416402,7.533291457644856e-4,7.295110498929913,4.1673873641509596e-13,0.004018295079690752,0.0069729436411420515
het_undoc,US-Born Ag Workforce,year::2016:early_activator,0.005768201065316484,7.990469678024564e-4,7.218851078529493,7.224279186719185e-13,0.004201221354506487,0.00733518077612648
het_undoc,US-Born Ag Workforce,year::2017:early_activator,0.005875538842972141,8.035493265389379e-4,7.311982785524029,3.687139818319234e-13,0.004299729732796226,0.007451347953148057
het_undoc,US-Born Ag Workforce,year::2018:early_activator,0.0055014978672153535,7.806195724484485e-4,7.047604315069448,2.4374018532018856e-12,0.003970655399654297,0.00703234033477641
het_undoc,US-Born Ag Workforce,year::2019:early_activator,0.0026206845004613315,7.922067466264452e-4,3.308081522432529,9.547603629673171e-4,0.001067118879476043,0.00417425012144662
het_undoc,US-Born Ag Workforce,year::2020:early_activator,0.002523201822257542,8.616634376494913e-4,2.9282916182918437,0.0034439076196398854,8.334274050453721e-4,0.004212976239469712
het_undoc,US-Born Ag Workforce,year::2006:het_undoc,-0.0010066077025930108,7.645175335540036e-4,-1.3166574452695747,0.18809289632941856,-0.002505873092376449,4.926576871904277e-4
het_undoc,US-Born Ag Workforce,year::2008:het_undoc,-2.2537424970706237e-4,7.979992977162456e-4,-0.2824241203620726,0.7776453309489886,-0.0017902994157470186,0.001339550916332894
het_undoc,US-Born Ag Workforce,year::2009:het_undoc,-0.001757399624943445,7.856228120347648e-4,-2.236950859906647,0.025391027722142096,-0.0032980537496861075,-2.1674550020078266e-4
het_undoc,US-Born Ag Workforce,year::2010:het_undoc,-8.837752503722541e-4,8.83583976030806e-4,-1.0002164755661451,0.3173175853984954,-0.0026165371768018344,8.489866760573263e-4
het_undoc,US-Born Ag Workforce,year::2011:het_undoc,-0.0010655256216571287,8.58803348095807e-4,-1.2407096735471275,0.2148475111884202,-0.0027496912292719745,6.186399859577172e-4
het_undoc,US-Born Ag Workforce,year::2012:het_undoc,0.0016836392548482185,9.97387239579951e-4,1.6880497243550883,0.09154577620822624,-2.7229779418511796e-4,0.0036395763038815547
het_undoc,US-Born Ag Workforce,year::2013:het_undoc,0.001565120875400356,9.561391235508794e-4,1.6369175121585438,0.10179310888263306,-3.09926108929461e-4,0.0034401678597301734
het_undoc,US-Born Ag Workforce,year::2014:het_undoc,-7.190754493511309e-4,0.001013900971759348,-0.709216648745658,0.4782664440025587,-0.0027073969317376553,0.0012692460330353933
het_undoc,US-Born Ag Workforce,year::2015:het_undoc,0.0018702282348417236,0.0010490628838639804,1.7827608464739222,0.07476538662079096,-1.8704789612168475e-4,0.003927504365805132
het_undoc,US-Born Ag Workforce,year::2016:het_undoc,0.001596040527612396,0.0011314934126734056,1.4105610423673562,0.15851781241326032,-6.22886884690511e-4,0.003814967939915303
het_undoc,US-Born Ag Workforce,year::2017:het_undoc,0.0028682436555972986,0.001086037055268068,2.641018224639974,0.008325183356606923,7.384589253289489e-4,0.004998028385865648
het_undoc,US-Born Ag Workforce,year::2018:het_undoc,0.002240145029281466,0.0010489991949875692,2.1355069098103665,0.03283160184090777,1.8299379607896772e-4,0.004297296262483964
het_undoc,US-Born Ag Workforce,year::2019:het_undoc,0.0035498653154433656,0.0010428898286079034,3.403873753550638,6.764799998150875e-4,0.0015046949213512006,0.005595035709535531
het_undoc,US-Born Ag Workforce,year::2020:het_undoc,0.0010819181124104918,0.0011433273394491606,0.9462890242192101,0.3441068392292429,-0.0011602163501710965,0.00332405257499208
het_undoc,Noncitizen Ag Workforce,year::2006:early_x_het_undoc,-1.9702310783408785e-4,4.396044233673165e-4,-0.4481827237426657,0.654066196810681,-0.0010591141237018976,6.65067908033722e-4
het_undoc,Noncitizen Ag Workforce,year::2008:early_x_het_undoc,3.3586457099591386e-4,5.195124170695296e-4,0.6464996022433146,0.5180244129940706,-6.829308814174293e-4,0.001354660023409257
het_undoc,Noncitizen Ag Workforce,year::2009:early_x_het_undoc,-0.001030721898430078,3.980402181016915e-4,-2.5894918441803,0.009676210916776189,-0.001811302979373414,-2.5014081748674197e-4
het_undoc,Noncitizen Ag Workforce,year::2010:early_x_het_undoc,5.008759735708114e-5,4.343038660403892e-4,0.1153284630269055,0.9081954786540348,-8.016087031536037e-4,9.017838978677659e-4
het_undoc,Noncitizen Ag Workforce,year::2011:early_x_het_undoc,-8.057281677600808e-4,4.4932541557887837e-4,-1.793195176199946,0.07308131724840453,-0.0016868826406939404,7.54263051737789e-5
het_undoc,Noncitizen Ag Workforce,year::2012:early_x_het_undoc,-7.678356688173654e-4,5.844733847421832e-4,-1.3137222136403441,0.18907895795610177,-0.0019140235304874295,3.7835219285269853e-4
het_undoc,Noncitizen Ag Workforce,year::2013:early_x_het_undoc,-7.788618394196871e-4,5.225432785080485e-4,-1.4905212093503,0.1362329820385409,-0.0018036009954847656,2.4587731664539147e-4
het_undoc,Noncitizen Ag Workforce,year::2014:early_x_het_undoc,5.94115427159003e-4,6.888083372231477e-4,0.8625264751499839,0.3884934441350205,-7.56679623141824e-4,0.0019449104774598301
het_undoc,Noncitizen Ag Workforce,year::2015:early_x_het_undoc,6.553279162498541e-4,5.964898395011711e-4,1.0986405347623152,0.2720471065453027,-5.144249441773986e-4,0.001825080776677107
het_undoc,Noncitizen Ag Workforce,year::2016:early_x_het_undoc,-8.351545241412978e-4,5.50621962551299e-4,-1.516747570822677,0.12947648783129556,-0.0019149576876739518,2.4464863939135625e-4
het_undoc,Noncitizen Ag Workforce,year::2017:early_x_het_undoc,-7.881378006225708e-5,5.981089428047554e-4,-0.1317716128648235,0.8951771900651826,-0.0012517418005597613,0.0010941142404352472
het_undoc,Noncitizen Ag Workforce,year::2018:early_x_het_undoc,-0.0015329838340423158,5.876373072835724e-4,-2.6087244887985874,0.009150597064670772,-0.0026853763402811042,-3.805913278035274e-4
het_undoc,Noncitizen Ag Workforce,year::2019:early_x_het_undoc,-0.001589232969003291,6.524576665922287e-4,-2.435764112181895,0.014940589620480728,-0.0028687421429436323,-3.0972379506294953e-4
het_undoc,Noncitizen Ag Workforce,year::2020:early_x_het_undoc,-8.612238037917114e-4,6.302712137346337e-4,-1.3664336638327208,0.1719448485811989,-0.0020972239940507723,3.747763864673494e-4
het_undoc,Noncitizen Ag Workforce,year::2006:early_activator,-6.0890909586034755e-5,2.0043475212611054e-4,-0.3037941721190301,0.7613139130665993,-4.539556511826682e-4,3.3217383201059866e-4
het_undoc,Noncitizen Ag Workforce,year::2008:early_activator,1.499582668779094e-4,2.6429954875533177e-4,0.5673799580215297,0.5705149160140466,-3.68349225877924e-4,6.682657596337428e-4
het_undoc,Noncitizen Ag Workforce,year::2009:early_activator,1.771284656376419e-5,1.9872872216244986e-4,0.08913078276266934,0.9289862214121284,-3.720062664943587e-4,4.074319596218871e-4
het_undoc,Noncitizen Ag Workforce,year::2010:early_activator,4.0933423211924073e-4,2.2938139912846023e-4,1.784513625230796,0.07448029695215215,-4.049664510695028e-5,8.591651093454317e-4
het_undoc,Noncitizen Ag Workforce,year::2011:early_activator,-4.3094348867198307e-4,1.935345094062266e-4,-2.2267010157213765,0.02606982133829216,-8.104764345451946e-4,-5.141054279877153e-5
het_undoc,Noncitizen Ag Workforce,year::2012:early_activator,-7.424535610994129e-4,2.1765150012309237e-4,-3.4112035096450968,6.586479231587784e-4,-0.0011692813928327814,-3.1562572936604444e-4
het_undoc,Noncitizen Ag Workforce,year::2013:early_activator,2.0656404108281424e-4,2.3670810997293047e-4,0.8726529948907815,0.38294906112234384,-2.576349618016607e-4,6.707630439672892e-4
het_undoc,Noncitizen Ag Workforce,year::2014:early_activator,-4.6203816709533394e-4,2.3760041549282016e-4,-1.944601679828695,0.05195234125044063,-9.279870353842873e-4,3.910701193619425e-6
het_undoc,Noncitizen Ag Workforce,year::2015:early_activator,-3.202012250396471e-4,2.135281790746868e-4,-1.4995736226816638,0.13387075240429203,-7.389429733707135e-4,9.854052329141919e-5
het_undoc,Noncitizen Ag Workforce,year::2016:early_activator,-6.070591512273867e-4,2.4299540777288675e-4,-2.4982330192625226,0.012555083395101096,-0.0010835879275611583,-1.3053037489361502e-4
het_undoc,Noncitizen Ag Workforce,year::2017:early_activator,-6.657801077583295e-4,2.3004153347307174e-4,-2.8941734899200915,0.0038396337228268507,-0.001116905548591038,-2.1465466692562122e-4
het_undoc,Noncitizen Ag Workforce,year::2018:early_activator,-3.177047462060369e-4,2.1998228521116195e-4,-1.4442287746082405,0.14881939579191142,-7.491033892814571e-4,1.1369389686938334e-4
het_undoc,Noncitizen Ag Workforce,year::2019:early_activator,-6.786467554411878e-4,2.3363082089103155e-4,-2.904782651762018,0.003712362597327668,-0.001136811007241012,-2.2048250364136357e-4
het_undoc,Noncitizen Ag Workforce,year::2020:early_activator,-0.001293134410667584,2.2463226023722324e-4,-5.756672747280232,9.800096792430926e-9,-0.0017336519376324586,-8.526168837027094e-4
het_undoc,Noncitizen Ag Workforce,year::2006:het_undoc,4.1055626907785317e-4,3.457364009971058e-4,1.1874834928974978,0.2351672900641092,-2.674538448218224e-4,0.0010885663829775286
het_undoc,Noncitizen Ag Workforce,year::2008:het_undoc,4.48460683146832e-4,3.8603017278664734e-4,1.1617244318222995,0.24547553441920142,-3.0856796834878293e-4,0.001205489334642447
het_undoc,Noncitizen Ag Workforce,year::2009:het_undoc,8.972875612819613e-4,3.0732373034630034e-4,2.9196819922460087,0.0035401003719153974,2.946070312156102e-4,0.0014999680913483126
het_undoc,Noncitizen Ag Workforce,year::2010:het_undoc,4.927678295779594e-4,3.075819840211868e-4,1.602069871374575,0.10928610800252722,-1.1041915165471326e-4,0.0010959548108106319
het_undoc,Noncitizen Ag Workforce,year::2011:het_undoc,0.0010204766255273432,3.588999799687498e-4,2.8433454513321466,0.004506164460569221,3.166519325085705e-4,0.0017243013185461158
het_undoc,Noncitizen Ag Workforce,year::2012:het_undoc,0.0013325830756430066,5.088840729752986e-4,2.6186378124427776,0.008889761204912111,3.346304525328899e-4,0.0023305356987531234
het_undoc,Noncitizen Ag Workforce,year::2013:het_undoc,8.174867969192713e-4,4.0126818855804064e-4,2.037257924324663,0.04174564503080343,3.057546954986581e-5,0.001604398124288677
het_undoc,Noncitizen Ag Workforce,year::2014:het_undoc,-5.0570297110233116e-5,6.169185402372757e-4,-0.08197240609883932,0.9346762371266502,-0.0012603850823824333,0.001159244488161967
het_undoc,Noncitizen Ag Workforce,year::2015:het_undoc,1.519980456338542e-4,5.20499952994325e-4,0.292023168800385,0.7702969016923628,-8.68734024800963e-4,0.0011727301160686715
het_undoc,Noncitizen Ag Workforce,year::2016:het_undoc,4.711744173482033e-4,4.6678125879434526e-4,1.0094116001255173,0.3128901281327276,-4.4421202599027887e-4,0.0013865608606866853
het_undoc,Noncitizen Ag Workforce,year::2017:het_undoc,3.146770450873308e-4,5.149117852772151e-4,0.6111280690884108,0.5411789849869334,-6.950962885195412e-4,0.0013244503786942028
het_undoc,Noncitizen Ag Workforce,year::2018:het_undoc,0.0011834178695576249,4.978526596128254e-4,2.377044385939318,0.01753846640436928,2.070985191049261e-4,0.0021597372200103234
het_undoc,Noncitizen Ag Workforce,year::2019:het_undoc,7.893662462355235e-4,5.801119362870956e-4,1.360713677583887,0.1737458878263777,-3.4826854970216984e-4,0.001927001042173217
het_undoc,Noncitizen Ag Workforce,year::2020:het_undoc,-4.422935185313343e-4,5.526300911381422e-4,-0.8003428072843995,0.42360005979576987,-0.0015260347443795676,6.414477073168991e-4
het_jail_cap,Total Ag Workforce,year::2006:early_x_het_jail_cap,7.52481556044824e-4,9.933820837339075e-4,0.7574945918255434,0.4488512887586512,-0.001195802250006686,0.002700765362096334
het_jail_cap,Total Ag Workforce,year::2008:early_x_het_jail_cap,-0.0011086860368235692,0.001001118728690352,-1.1074471039753047,0.26824644887537763,-0.0030721434405557965,8.547713669086582e-4
het_jail_cap,Total Ag Workforce,year::2009:early_x_het_jail_cap,-0.0013169186217003492,9.842260842283835e-4,-1.3380245075833272,0.18105495632116406,-0.0032472451021095675,6.134078587088693e-4
het_jail_cap,Total Ag Workforce,year::2010:early_x_het_jail_cap,5.194740948660779e-4,0.0010325184022686215,0.503113643035033,0.6149450208260376,-0.0015055663357291874,0.002544514525461343
het_jail_cap,Total Ag Workforce,year::2011:early_x_het_jail_cap,4.719935727925444e-4,0.0010388893216592625,0.45432517492691105,0.649648768246148,-0.0015655419080776267,0.0025095290536627153
het_jail_cap,Total Ag Workforce,year::2012:early_x_het_jail_cap,-0.002191972442956318,0.001338620074310807,-1.6374866065600144,0.10170104323095114,-0.004817358843556845,4.3341395764420884e-4
het_jail_cap,Total Ag Workforce,year::2013:early_x_het_jail_cap,-5.167830373094405e-4,0.0012268883205481418,-0.4212144077454053,0.673648071295573,-0.002923034051796193,0.0018894679771773119
het_jail_cap,Total Ag Workforce,year::2014:early_x_het_jail_cap,0.0011085569947855214,0.0013417375335478103,0.826210020266993,0.408792844280392,-0.0015229435641503858,0.0037400575537214287
het_jail_cap,Total Ag Workforce,year::2015:early_x_het_jail_cap,-0.0022833125354087052,0.0012622711669668502,-1.8088922532353697,0.07063206554074768,-0.004758958627397221,1.9233355657981028e-4
het_jail_cap,Total Ag Workforce,year::2016:early_x_het_jail_cap,-0.0015886699582446854,0.0013507961678731121,-1.176098952624448,0.23970855930097124,-0.004237936884069947,0.001060596967580576
het_jail_cap,Total Ag Workforce,year::2017:early_x_het_jail_cap,-0.0022972859870075244,0.0013171146430383343,-1.744180735632944,0.08129575101754752,-0.00488049457488485,2.8592260086980105e-4
het_jail_cap,Total Ag Workforce,year::2018:early_x_het_jail_cap,-0.0024877946898025196,0.0013277739166020995,-1.8736583530493083,0.06113704404607504,-0.005091908919535692,1.1631953993065328e-4
het_jail_cap,Total Ag Workforce,year::2019:early_x_het_jail_cap,-0.003545638306636403,0.0013292835745969055,-2.667330263003956,0.0077131646317187075,-0.006152713373163513,-9.385632401092935e-4
het_jail_cap,Total Ag Workforce,year::2020:early_x_het_jail_cap,-0.0018548758998194242,0.0014305437237043571,-1.2966230036061182,0.1949246725506173,-0.0046605487787440185,9.507969791051703e-4
het_jail_cap,Total Ag Workforce,year::2006:early_activator,7.676571522751449e-4,6.783958715957032e-4,1.1315769809587488,0.2579608255968893,-5.628557615012905e-4,0.0020981700660515803
het_jail_cap,Total Ag Workforce,year::2008:early_activator,0.0019883168235597082,7.206110385338384e-4,2.759209500322331,0.005851934718467909,5.75008852914338e-4,0.0034016247942050782
het_jail_cap,Total Ag Workforce,year::2009:early_activator,3.703364649438835e-4,6.965016801552852e-4,0.5317093633734192,0.5949919482253536,-9.956867063555287e-4,0.0017363596362432957
het_jail_cap,Total Ag Workforce,year::2010:early_activator,0.0021549272904206425,7.126425812371639e-4,3.023854239357462,0.0025305191534224364,7.572475624872501e-4,0.0035526070183540346
het_jail_cap,Total Ag Workforce,year::2011:early_activator,2.956006334091133e-4,7.197480005199237e-4,0.41070018005688175,0.6813405562426362,-0.0011160146924683984,0.0017072159592866247
het_jail_cap,Total Ag Workforce,year::2012:early_activator,0.0028295016709296342,9.491092033710076e-4,2.9812182422000806,0.0029089902887285603,9.680486395323997e-4,0.004690954702326869
het_jail_cap,Total Ag Workforce,year::2013:early_activator,0.003470094395880378,8.959413425812778e-4,3.8731267672979146,1.1123353520212429e-4,0.0017129175376447067,0.005227271254116049
het_jail_cap,Total Ag Workforce,year::2014:early_activator,2.985696424099298e-4,9.358378859814978e-4,0.319039918005449,0.749732714143506,-0.0015368548414844512,0.002133994126304311
het_jail_cap,Total Ag Workforce,year::2015:early_activator,0.004793344266731925,8.888158070526949e-4,5.392955693066049,7.832631659947223e-8,0.0030501424596946825,0.006536546073769169
het_jail_cap,Total Ag Workforce,year::2016:early_activator,0.003971299963274776,9.495245664276714e-4,4.182408864065218,3.0209816248024678e-5,0.002109032295565713,0.005833567630983839
het_jail_cap,Total Ag Workforce,year::2017:early_activator,0.005015706378411524,9.236254368529497e-4,5.430455007282432,6.37352524681099e-8,0.003204233722579055,0.006827179034243994
het_jail_cap,Total Ag Workforce,year::2018:early_activator,0.004460989109304509,9.191153057232051e-4,4.853568514773436,1.315682197656427e-6,0.0026583620080548468,0.006263616210554172
het_jail_cap,Total Ag Workforce,year::2019:early_activator,0.0024647444551890983,9.094687169296688e-4,2.710092617050073,0.0067893327314837775,6.810368543389606e-4,0.0042484520560392355
het_jail_cap,Total Ag Workforce,year::2020:early_activator,0.0021786245816136163,0.001029946099342046,2.1152801908812253,0.034541102854074274,1.586291142990138e-4,0.004198620048928219
het_jail_cap,Total Ag Workforce,year::2006:het_jail_cap,-0.0014371653847484113,8.057587429999536e-4,-1.7836174875343476,0.07465178587027313,-0.003017470421729265,1.4313965223244256e-4
het_jail_cap,Total Ag Workforce,year::2008:het_jail_cap,4.170025577171076e-4,7.520258342415847e-4,0.5545056283041834,0.5793007244180325,-0.0010579180982685926,0.0018919232137028078
het_jail_cap,Total Ag Workforce,year::2009:het_jail_cap,6.840881781937742e-5,8.186826670872136e-4,0.08355962642127109,0.9334157221345734,-0.0015372434369361353,0.00167406107257489
het_jail_cap,Total Ag Workforce,year::2010:het_jail_cap,-9.825772865541618e-4,8.58118578781943e-4,-1.1450367243521073,0.2523439182664288,-0.002665573746917775,7.004191738094513e-4
het_jail_cap,Total Ag Workforce,year::2011:het_jail_cap,-0.0014439534763227401,8.721962600434873e-4,-1.6555373400142135,0.09798728704032761,-0.003154559976043544,2.666530233980638e-4
het_jail_cap,Total Ag Workforce,year::2012:het_jail_cap,5.249724449450586e-5,0.001142188988785705,0.045961959894498056,0.9633455925116192,-0.0021876360805772412,0.0022926305695662526
het_jail_cap,Total Ag Workforce,year::2013:het_jail_cap,-0.0017086012064282188,9.9359720169359e-4,-1.7196115322344931,0.08567244325476728,-0.003657306915435402,2.4010450257896444e-4
het_jail_cap,Total Ag Workforce,year::2014:het_jail_cap,-0.002539302528337214,0.0011829607718911827,-2.146565286588216,0.031959224088653655,-0.0048594000545647414,-2.1920500210968622e-4
het_jail_cap,Total Ag Workforce,year::2015:het_jail_cap,1.6786310464687466e-4,0.0010867084101228897,0.15446931585621204,0.8772567645562097,-0.0019634581986166717,0.0022991844079104213
het_jail_cap,Total Ag Workforce,year::2016:het_jail_cap,-6.508378952079929e-4,0.0011491803308943645,-0.5663496648097605,0.5712256646461489,-0.002904683082850956,0.0016030072924349704
het_jail_cap,Total Ag Workforce,year::2017:het_jail_cap,6.447840981431256e-4,0.0011158956099673635,0.5778175775438202,0.5634584911621936,-0.001543780988486469,0.0028333491847727203
het_jail_cap,Total Ag Workforce,year::2018:het_jail_cap,0.0012732557764596965,0.0011391420308583804,1.1177322423089393,0.26382832177895094,-9.609016619066923e-4,0.0035074132148260853
het_jail_cap,Total Ag Workforce,year::2019:het_jail_cap,0.0014689268811972395,0.0011577950391933286,1.2687279107886713,0.20469974486178283,-8.018140175195957e-4,0.0037396677799140746
het_jail_cap,Total Ag Workforce,year::2020:het_jail_cap,2.902724783769995e-4,0.0012367862558866087,0.2346989845621411,0.8144686754214321,-0.0021353909932589656,0.002715935950012964
het_jail_cap,Foreign-Born Ag Workforce,year::2006:early_x_het_jail_cap,2.2198530277921467e-5,4.784106668477788e-4,0.0464005755226704,0.9629960489014856,-9.160907444373483e-4,9.604878049931912e-4
het_jail_cap,Foreign-Born Ag Workforce,year::2008:early_x_het_jail_cap,-8.329132079138747e-4,5.249254839777026e-4,-1.586726560886982,0.11274763199998283,-0.0018624302855456637,1.9660386971791428e-4
het_jail_cap,Foreign-Born Ag Workforce,year::2009:early_x_het_jail_cap,-8.151637280119519e-4,4.026707204313775e-4,-2.024392851654757,0.04307498180247247,-0.0016049070268227372,-2.5420429201166643e-5
het_jail_cap,Foreign-Born Ag Workforce,year::2010:early_x_het_jail_cap,-7.557990361133143e-4,4.432776461689724e-4,-1.705024024209902,0.08835994410614077,-0.0016251832073774467,1.1358513515081809e-4
het_jail_cap,Foreign-Born Ag Workforce,year::2011:early_x_het_jail_cap,3.988659031716304e-4,4.728330257613723e-4,0.8435660824016312,0.3990223546511885,-5.284841488794182e-4,0.001326215955222679
het_jail_cap,Foreign-Born Ag Workforce,year::2012:early_x_het_jail_cap,-8.107764381788726e-4,6.130556073437223e-4,-1.322516960071281,0.18616159008287958,-0.0020131398908267537,3.9158701446900855e-4
het_jail_cap,Foreign-Born Ag Workforce,year::2013:early_x_het_jail_cap,-6.69319145052133e-4,5.277446353062837e-4,-1.2682632854499498,0.20486552733819807,-0.0017043653206717155,3.6572703056744944e-4
het_jail_cap,Foreign-Born Ag Workforce,year::2014:early_x_het_jail_cap,-8.101486362650118e-4,6.572409850129527e-4,-1.2326508156654985,0.21786466094409246,-0.0020991712477469787,4.7887397521695493e-4
het_jail_cap,Foreign-Born Ag Workforce,year::2015:early_x_het_jail_cap,-9.277704469616083e-4,5.567123626474786e-4,-1.6665166955329338,0.09578195501807799,-0.002019629962585099,1.6408906866188235e-4
het_jail_cap,Foreign-Born Ag Workforce,year::2016:early_x_het_jail_cap,-9.830980675675e-4,5.887908826297054e-4,-1.6696896921649125,0.0951520823855292,-0.0021378720065803837,1.7167587144538356e-4
het_jail_cap,Foreign-Born Ag Workforce,year::2017:early_x_het_jail_cap,-6.957357800815151e-4,5.662973254685387e-4,-1.228569779145403,0.21939138101846373,-0.0018063939313474819,4.1492237118445174e-4
het_jail_cap,Foreign-Born Ag Workforce,year::2018:early_x_het_jail_cap,-6.507398932858201e-5,5.960020964611132e-4,-0.10918416179233664,0.9130684125377264,-0.0012339910172493081,0.001103843038592144
het_jail_cap,Foreign-Born Ag Workforce,year::2019:early_x_het_jail_cap,-0.0014193032542022305,6.182127272694784e-4,-2.2958169439037728,0.021799123283550877,-0.002631781176802549,-2.0682533160191205e-4
het_jail_cap,Foreign-Born Ag Workforce,year::2020:early_x_het_jail_cap,-0.001012847597049213,5.912989123247792e-4,-1.7129197702513146,0.08689696365280043,-0.0021725404426137847,1.4684524851535895e-4
het_jail_cap,Foreign-Born Ag Workforce,year::2006:early_activator,-4.593982782406917e-4,3.2627919039156944e-4,-1.407991351484492,0.15930375870408767,-0.0010993176741111027,1.805211176297194e-4
het_jail_cap,Foreign-Born Ag Workforce,year::2008:early_activator,9.801973098867416e-4,3.718106416570654e-4,2.636280945371148,0.008453006715372753,2.509787504627112e-4,0.001709415869310772
het_jail_cap,Foreign-Born Ag Workforce,year::2009:early_activator,-2.348758030179233e-4,2.563359398411725e-4,-0.9162812017833081,0.3596403512102244,-7.376180697440931e-4,2.6786646370824656e-4
het_jail_cap,Foreign-Born Ag Workforce,year::2010:early_activator,7.439043801868795e-4,2.820471728328295e-4,2.6375175922355183,0.008422366547442115,1.9073561625333627e-4,0.0012970731441204228
het_jail_cap,Foreign-Born Ag Workforce,year::2011:early_activator,-0.001189327355347997,3.05578685434971e-4,-3.8920494525168476,1.0296905824593898e-4,-0.0017886476109234307,-5.90007099772563e-4
het_jail_cap,Foreign-Born Ag Workforce,year::2012:early_activator,-7.188885326829304e-4,4.062733074916971e-4,-1.7694702542022702,0.07698221692442536,-0.0015156974532161542,7.792038785029321e-5
het_jail_cap,Foreign-Born Ag Workforce,year::2013:early_activator,4.462950832360677e-4,3.829315396679815e-4,1.1654696388368144,0.24398107686660261,-3.047344851221867e-4,0.0011973246515943222
het_jail_cap,Foreign-Born Ag Workforce,year::2014:early_activator,2.693498914303243e-4,4.2453573162095027e-4,0.6344575294095981,0.5258617093140605,-5.632764509920975e-4,0.0011019762338527461
het_jail_cap,Foreign-Born Ag Workforce,year::2015:early_activator,4.557367380918525e-4,3.731608667418766e-4,1.221287596609361,0.22213472010878846,-2.761299682137627e-4,0.0011876034443974678
het_jail_cap,Foreign-Born Ag Workforce,year::2016:early_activator,-7.067628171620195e-4,3.908666964597971e-4,-1.8081940046655116,0.07074067958573409,-0.0014733553171747923,5.982968285075333e-5
het_jail_cap,Foreign-Born Ag Workforce,year::2017:early_activator,-5.744556687013452e-4,3.7702219362337815e-4,-1.5236653926935424,0.12776538361350184,-0.0013138954536403335,1.6498411623764306e-4
het_jail_cap,Foreign-Born Ag Workforce,year::2018:early_activator,-8.361915578528806e-4,3.9535717179267887e-4,-2.115028175817108,0.03456260458819291,-0.0016115910622557898,-6.079205344997128e-5
het_jail_cap,Foreign-Born Ag Workforce,year::2019:early_activator,-6.097422444719893e-4,3.992153217272418e-4,-1.5273518106316246,0.12684664762843337,-0.0013927085966788915,1.7322410773491271e-4
het_jail_cap,Foreign-Born Ag Workforce,year::2020:early_activator,-0.00130044516306464,3.9538844363692276e-4,-3.289031796434629,0.0010244316500743792,-0.0020759059997874324,-5.249843263418477e-4
het_jail_cap,Foreign-Born Ag Workforce,year::2006:het_jail_cap,1.3634130517463963e-4,3.417385579945733e-4,0.39896377504116665,0.689966521948939,-5.338979807420245e-4,8.065805910913038e-4
het_jail_cap,Foreign-Born Ag Workforce,year::2008:het_jail_cap,3.7637895839292613e-4,3.0623648527072116e-4,1.229046754700692,0.21921254828309839,-2.2423141584742082e-4,9.76989332633273e-4
het_jail_cap,Foreign-Born Ag Workforce,year::2009:het_jail_cap,7.132649557368416e-4,2.826240380172645e-4,2.52372360376958,0.011696090078333886,1.5896480729826962e-4,0.0012675651041754135
het_jail_cap,Foreign-Born Ag Workforce,year::2010:het_jail_cap,5.335100294919011e-4,2.7796083801683453e-4,1.9193712081828929,0.05509297558242725,-1.1644356008137032e-5,0.0010786644149919393
het_jail_cap,Foreign-Born Ag Workforce,year::2011:het_jail_cap,-5.334435185435661e-4,3.453263809480816e-4,-1.5447517130866617,0.12257951594357644,-0.0012107194698820847,1.4383243279495242e-4
het_jail_cap,Foreign-Born Ag Workforce,year::2012:het_jail_cap,3.6065201230365786e-5,5.064609223762914e-4,0.07121023486106197,0.9432382296641236,-9.572380097101186e-4,0.00102936841217085
het_jail_cap,Foreign-Born Ag Workforce,year::2013:het_jail_cap,-2.508220721414315e-6,3.536517380902933e-4,-0.007092346654249791,0.9943419478519526,-6.961123893343962e-4,6.910959478915675e-4
het_jail_cap,Foreign-Born Ag Workforce,year::2014:het_jail_cap,3.178230997096191e-4,5.52619683672199e-4,0.5751208454929816,0.565280387847311,-7.660095949137049e-4,0.001401655794332943
het_jail_cap,Foreign-Born Ag Workforce,year::2015:het_jail_cap,2.200316717365217e-4,4.3351132966362564e-4,0.5075569118510717,0.611825377446753,-6.301981815630465e-4,0.0010702615250360898
het_jail_cap,Foreign-Born Ag Workforce,year::2016:het_jail_cap,-4.615660726558787e-5,4.786846585644898e-4,-0.09642382817114979,0.9231945435379667,-9.84983251874478e-4,8.926700373433021e-4
het_jail_cap,Foreign-Born Ag Workforce,year::2017:het_jail_cap,2.9047767149256292e-5,4.359217881034539e-4,0.0666352725236175,0.9468793555353394,-8.259096297816862e-4,8.840051640801987e-4
het_jail_cap,Foreign-Born Ag Workforce,year::2018:het_jail_cap,-3.6361287450038446e-4,4.4215393257759797e-4,-0.8223671615463252,0.41097527565450187,-0.0012307931475580125,5.035673985572435e-4
het_jail_cap,Foreign-Born Ag Workforce,year::2019:het_jail_cap,3.4651462867130167e-4,5.105166752036452e-4,0.6787528116159515,0.49738046447279627,-6.547429813712684e-4,0.0013477722387138717
het_jail_cap,Foreign-Born Ag Workforce,year::2020:het_jail_cap,4.82915777317504e-5,4.4535968207523287e-4,0.10843275598439261,0.9136643256008041,-8.251760141076132e-4,9.21759169571114e-4
het_jail_cap,US-Born Ag Workforce,year::2006:early_x_het_jail_cap,7.302830257667603e-4,8.680496485922993e-4,0.8412917705237798,0.4002945967197614,-9.721908771691581e-4,0.002432756928702679
het_jail_cap,US-Born Ag Workforce,year::2008:early_x_het_jail_cap,-2.757728289098252e-4,8.573240823746536e-4,-0.32166695719777005,0.7477418094088872,-0.001957211072641959,0.0014056654148223082
het_jail_cap,US-Born Ag Workforce,year::2009:early_x_het_jail_cap,-5.017548936885959e-4,8.933638408455899e-4,-0.5616467454219695,0.5744256123121212,-0.0022538765924101805,0.0012503668050329888
het_jail_cap,US-Born Ag Workforce,year::2010:early_x_het_jail_cap,0.0012752731309792252,9.538862687772739e-4,1.336923669751444,0.18141399441076633,-5.95548983396126e-4,0.0031460952453545767
het_jail_cap,US-Born Ag Workforce,year::2011:early_x_het_jail_cap,7.312766962077371e-5,9.371320200584327e-4,0.07803347666662164,0.9378099685407786,-0.001764834951920981,0.0019110902911625282
het_jail_cap,US-Born Ag Workforce,year::2012:early_x_het_jail_cap,-0.0013811960047775812,0.0011161630563979914,-1.237450027449293,0.2160790686751448,-0.0035702856242715297,8.078936147163671e-4
het_jail_cap,US-Born Ag Workforce,year::2013:early_x_het_jail_cap,1.5253610774252843e-4,0.0010774820753043683,0.14156718820537212,0.8874374935990518,-0.0019606899238119,0.002265762139296957
het_jail_cap,US-Born Ag Workforce,year::2014:early_x_het_jail_cap,0.0019187056310503508,0.0011010801422623934,1.7425667373384641,0.0815775791378742,-2.408024227604354e-4,0.004078213684861137
het_jail_cap,US-Born Ag Workforce,year::2015:early_x_het_jail_cap,-0.0013555420884472254,0.0011088656093063683,-1.2224584089095893,0.22169200144350476,-0.003530319492906364,8.192353160119132e-4
het_jail_cap,US-Born Ag Workforce,year::2016:early_x_het_jail_cap,-6.055718906772901e-4,0.0012106113290017869,-0.5002199105278622,0.6169804847431813,-0.0029798994392990236,0.0017687556579444432
het_jail_cap,US-Born Ag Workforce,year::2017:early_x_het_jail_cap,-0.0016015502069261574,0.0011554417990459556,-1.3860933612134787,0.16588753872637632,-0.0038676757821476827,6.645753682953679e-4
het_jail_cap,US-Born Ag Workforce,year::2018:early_x_het_jail_cap,-0.0024227207004741042,0.0011733235475388801,-2.0648359998875954,0.039079332464006356,-0.004723917092436858,-1.2152430851135104e-4
het_jail_cap,US-Born Ag Workforce,year::2019:early_x_het_jail_cap,-0.00212633505243436,0.001149013499678316,-1.8505744736938774,0.06439212565390774,-0.004379853040138958,1.2718293527023755e-4
het_jail_cap,US-Born Ag Workforce,year::2020:early_x_het_jail_cap,-8.420283027702982e-4,0.0012958155496493454,-0.6498056787466052,0.5158994400799743,-0.003383463760839032,0.0016994071552984356
het_jail_cap,US-Born Ag Workforce,year::2006:early_activator,0.0012270554305159253,5.919159778696927e-4,2.0730229904117494,0.03831003235060383,6.615235695538592e-5,0.0023879585040764645
het_jail_cap,US-Born Ag Workforce,year::2008:early_activator,0.001008119513673038,6.209599074999781e-4,1.6234856735466026,0.10465813397149908,-2.0974635264302505e-4,0.0022259853799891007
het_jail_cap,US-Born Ag Workforce,year::2009:early_activator,6.052122679619107e-4,6.359495178496897e-4,0.951667154349437,0.3413916911245365,-6.420521707479623e-4,0.0018524767066717836
het_jail_cap,US-Born Ag Workforce,year::2010:early_activator,0.0014110229102338463,6.669538198830507e-4,2.11562310338258,0.034511864187921217,1.029508723548022e-4,0.0027190949481128903
het_jail_cap,US-Born Ag Workforce,year::2011:early_activator,0.001484927988757185,6.454625620230763e-4,2.3005640855497003,0.02152845326079633,2.1900596580782584e-4,0.0027508500117065446
het_jail_cap,US-Born Ag Workforce,year::2012:early_activator,0.003548390203612635,8.039413981991985e-4,4.413742359282541,1.0753370544549426e-05,0.001971649458260652,0.005125130948964617
het_jail_cap,US-Born Ag Workforce,year::2013:early_activator,0.0030237993126444053,7.880414921705103e-4,3.837106729387974,1.287245720401636e-4,0.0014782424691773812,0.0045693561561114295
het_jail_cap,US-Born Ag Workforce,year::2014:early_activator,2.9219750979706683e-5,7.934327398708541e-4,0.03682700437148931,0.9706269654798871,-0.0015269107486474036,0.001585350250606817
het_jail_cap,US-Born Ag Workforce,year::2015:early_activator,0.004337607528640145,7.894096352783672e-4,5.494748651136729,4.46240085003598e-8,0.0027893673963308467,0.005885847660949443
het_jail_cap,US-Born Ag Workforce,year::2016:early_activator,0.004678062780436852,8.610858179730745e-4,5.432748609713058,6.293402700422385e-8,0.0029892467827980812,0.0063668787780756225
het_jail_cap,US-Born Ag Workforce,year::2017:early_activator,0.005590162047112931,8.217655883650298e-4,6.8026236754875775,1.387498228071517e-11,0.003978463372053234,0.007201860722172627
het_jail_cap,US-Born Ag Workforce,year::2018:early_activator,0.005297180667157493,8.123460862338284e-4,6.5208422332852045,9.022318689782693e-11,0.0037039561157646006,0.006890405218550385
het_jail_cap,US-Born Ag Workforce,year::2019:early_activator,0.003074486699661174,8.234242756533392e-4,3.7337819524712796,1.9440445411421413e-4,0.0014595349021262164,0.004689438497196132
het_jail_cap,US-Born Ag Workforce,year::2020:early_activator,0.003479069744678306,9.272206673056083e-4,3.7521486172089586,1.8079789862715263e-4,0.0016605458953678858,0.005297593593988726
het_jail_cap,US-Born Ag Workforce,year::2006:het_jail_cap,-0.0015735066899229561,7.231784485193947e-4,-2.1758207716843443,0.02969644163611594,-0.0029918500275034265,-1.5516335234248596e-4
het_jail_cap,US-Born Ag Workforce,year::2008:het_jail_cap,4.062359932427614e-5,7.153959363196556e-4,0.05678477785778835,0.9547228491658762,-0.0013624561828353458,0.0014437033814838982
het_jail_cap,US-Born Ag Workforce,year::2009:het_jail_cap,-6.448561379173249e-4,7.725852695487769e-4,-0.8346730947820797,0.40401091927388444,-0.002160099259474385,8.703869836397352e-4
het_jail_cap,US-Born Ag Workforce,year::2010:het_jail_cap,-0.0015160873160459513,8.589653563759751e-4,-1.7650156723926702,0.07772817349586825,-0.0032007445302129536,1.685698981210512e-4
het_jail_cap,US-Born Ag Workforce,year::2011:het_jail_cap,-9.105099577790762e-4,8.249693704575582e-4,-1.1036894100372163,0.2698732356368459,-0.0025284920930211115,7.07472177462959e-4
het_jail_cap,US-Born Ag Workforce,year::2012:het_jail_cap,1.6432043264229287e-5,9.715796103223043e-4,0.016912709045816893,0.9865081005257812,-0.0018890913722233282,0.0019219554587517867
het_jail_cap,US-Born Ag Workforce,year::2013:het_jail_cap,-0.0017060929857066853,9.37073133405613e-4,-1.820661509637158,0.06882184239257493,-0.003543940115018451,1.3175414360508072e-4
het_jail_cap,US-Born Ag Workforce,year::2014:het_jail_cap,-0.002857125628046703,9.798834679120134e-4,-2.915781030712575,0.003591236322331116,-0.004778935094525816,-9.353161615675901e-4
het_jail_cap,US-Born Ag Workforce,year::2015:het_jail_cap,-5.2168567089556106e-5,9.742310842101033e-4,-0.05354845265674709,0.9573007807228381,-0.001962892220957043,0.0018585550867779306
het_jail_cap,US-Born Ag Workforce,year::2016:het_jail_cap,-6.046812879423305e-4,0.0010820599720614257,-0.5588241904839673,0.5763501961656926,-0.002726885780316212,0.0015175232044315507
het_jail_cap,US-Born Ag Workforce,year::2017:het_jail_cap,6.157363309939716e-4,0.001025782301243284,0.6002602406452886,0.5484072573511644,-0.001396092831994914,0.0026275654939828573
het_jail_cap,US-Born Ag Workforce,year::2018:het_jail_cap,0.001636868650960203,0.0010340939196916586,1.582901339801202,0.11361703100189775,-3.912617841073775e-4,0.0036649990860277834
het_jail_cap,US-Born Ag Workforce,year::2019:het_jail_cap,0.0011224122525260746,0.0010258237113664602,1.0941570565092051,0.2740303334777077,-8.894981266169089e-4,0.0031343226316690584
het_jail_cap,US-Born Ag Workforce,year::2020:het_jail_cap,2.4198090064531254e-4,0.0011309745897260723,0.21395785797797767,0.8306037953137148,-0.0019761580353185133,0.002460119836609138
het_jail_cap,Noncitizen Ag Workforce,year::2006:early_x_het_jail_cap,-1.0323254268899508e-4,4.4329812971183677e-4,-0.23287385118475631,0.8158854489936034,-9.726568875736373e-4,7.661918021956472e-4
het_jail_cap,Noncitizen Ag Workforce,year::2008:early_x_het_jail_cap,-6.596564374046019e-4,5.006019217691641e-4,-1.3177265382308712,0.18776041493315904,-0.0016414686055837696,3.2215573077456583e-4
het_jail_cap,Noncitizen Ag Workforce,year::2009:early_x_het_jail_cap,-8.431992088242513e-4,3.938029290461006e-4,-2.1411704856200857,0.03239225621436853,-0.0016155504339966256,-7.084798365187693e-5
het_jail_cap,Noncitizen Ag Workforce,year::2010:early_x_het_jail_cap,-5.939871588636878e-4,4.38245948011772e-4,-1.3553739893283219,0.1754659644965025,-0.0014535028452848434,2.655285275574679e-4
het_jail_cap,Noncitizen Ag Workforce,year::2011:early_x_het_jail_cap,4.700320281350531e-4,4.512074463560016e-4,1.041720459028504,0.29767912685875414,-4.1490456907131287e-4,0.001354968625341419
het_jail_cap,Noncitizen Ag Workforce,year::2012:early_x_het_jail_cap,-7.519428982134667e-4,5.330610900610796e-4,-1.4106129902058824,0.15852899600157291,-0.0017974160413352623,2.935302449083288e-4
het_jail_cap,Noncitizen Ag Workforce,year::2013:early_x_het_jail_cap,-7.993200812321502e-4,5.039825293187477e-4,-1.5860075195714054,0.11291065446756157,-0.0017877625108699427,1.8912234840564235e-4
het_jail_cap,Noncitizen Ag Workforce,year::2014:early_x_het_jail_cap,-8.055335179303736e-4,6.248946236485623e-4,-1.289070968841303,0.19753660045319094,-0.0020311163985546484,4.200493626939013e-4
het_jail_cap,Noncitizen Ag Workforce,year::2015:early_x_het_jail_cap,-6.974795428332317e-4,5.354945924992544e-4,-1.3024959590683503,0.1929110578989833,-0.0017477254249342344,3.52766339267771e-4
het_jail_cap,Noncitizen Ag Workforce,year::2016:early_x_het_jail_cap,-0.0011928426886605088,5.079027003757863e-4,-2.3485653606053876,0.018951956146314695,-0.002188973605852528,-1.9671177146848937e-4
het_jail_cap,Noncitizen Ag Workforce,year::2017:early_x_het_jail_cap,-7.960171579572399e-4,5.22880798410135e-4,-1.5223683110521558,0.12808987373142067,-0.0018215240688616548,2.2948975294717492e-4
het_jail_cap,Noncitizen Ag Workforce,year::2018:early_x_het_jail_cap,-1.6962315884495147e-4,5.400386996232734e-4,-0.3140944509407922,0.7534851637835525,-0.0012287812313988083,8.895349137089053e-4
het_jail_cap,Noncitizen Ag Workforce,year::2019:early_x_het_jail_cap,-0.0014910355408808951,5.691648404408986e-4,-2.6196901757421935,0.008873829022553554,-0.0026073176439733933,-3.747534377883969e-4
het_jail_cap,Noncitizen Ag Workforce,year::2020:early_x_het_jail_cap,-8.896916264147438e-4,5.549424820503521e-4,-1.6032141261335595,0.10906023948014427,-0.0019780799402091607,1.986966873796731e-4
het_jail_cap,Noncitizen Ag Workforce,year::2006:early_activator,-1.0146648346810689e-4,3.099681678646331e-4,-0.32734485017319115,0.7434445757683984,-7.093956697608267e-4,5.064627028246128e-4
het_jail_cap,Noncitizen Ag Workforce,year::2008:early_activator,9.414725477047684e-4,3.545227583018406e-4,2.655605389663585,0.007985431301040105,2.461600791327994e-4,0.0016367850162767373
het_jail_cap,Noncitizen Ag Workforce,year::2009:early_activator,-3.8157760145607017e-5,2.4779285275434597e-4,-0.153990559943371,0.8776341861405339,-5.241447838514987e-4,0.00044782926356028467
het_jail_cap,Noncitizen Ag Workforce,year::2010:early_activator,9.234904534612822e-4,2.791008391230953e-4,3.3088057218415736,9.551561696738407e-4,3.761002256498344e-4,0.00147088068127273
het_jail_cap,Noncitizen Ag Workforce,year::2011:early_activator,-8.448895079324649e-4,2.8756278353663e-4,-2.938104498577585,0.003343640649362411,-0.0014088758366184416,-2.809031792464881e-4
het_jail_cap,Noncitizen Ag Workforce,year::2012:early_activator,-5.794754266489407e-4,3.5643120070769833e-4,-1.6257707672571464,0.10417089407858347,-0.0012785308532377673,1.1957999993988597e-4
het_jail_cap,Noncitizen Ag Workforce,year::2013:early_activator,4.5170888168390253e-4,3.7586993863294375e-4,1.2017691101522736,0.2296087470117354,-2.854710278505816e-4,0.0011888887912183867
het_jail_cap,Noncitizen Ag Workforce,year::2014:early_activator,2.870078783454916e-4,4.147314642565704e-4,0.6920330456720216,0.48900451366847353,-5.263897144860154e-4,0.0011004054711769985
het_jail_cap,Noncitizen Ag Workforce,year::2015:early_activator,5.812347825730787e-4,3.736038536265524e-4,1.5557515719687154,0.11994037461129708,-1.5150073764396018e-4,0.0013139703027901177
het_jail_cap,Noncitizen Ag Workforce,year::2016:early_activator,-3.0899468306136825e-4,3.4416018904998914e-4,-0.8978222725711221,0.36939860616288733,-9.839834250501252e-4,3.659940589273886e-4
het_jail_cap,Noncitizen Ag Workforce,year::2017:early_activator,-2.282255489525001e-4,3.336250178136521e-4,-0.6840780420129543,0.49401264294711145,-8.825520464234332e-4,4.2610094851843307e-4
het_jail_cap,Noncitizen Ag Workforce,year::2018:early_activator,-7.325464334390941e-4,3.7041614540392006e-4,-1.9776309497532547,0.04812042413807262,-0.0014590300185646247,-6.062848313563639e-6
het_jail_cap,Noncitizen Ag Workforce,year::2019:early_activator,-4.257580685835725e-4,3.7171879446651584e-4,-1.1453767603938694,0.2522031309094421,-0.0011547964914852022,3.032803543180571e-4
het_jail_cap,Noncitizen Ag Workforce,year::2020:early_activator,-0.0012386637799156309,3.6936798634936964e-4,-3.3534681555862584,8.143609029412888e-4,-0.0019630916491735354,-5.142359106577261e-4
het_jail_cap,Noncitizen Ag Workforce,year::2006:het_jail_cap,1.942983618775207e-4,3.064566335042102e-4,0.6340158464047454,0.5261498498182788,-4.067437810098159e-4,7.953405047648574e-4
het_jail_cap,Noncitizen Ag Workforce,year::2008:het_jail_cap,3.0962808340276977e-4,2.9306586167044015e-4,1.0565136506788166,0.2908732868604392,-2.651512303662865e-4,8.844073971718261e-4
het_jail_cap,Noncitizen Ag Workforce,year::2009:het_jail_cap,8.278076443739982e-4,2.7122940205902583e-4,3.052057181447637,0.0023055342566870285,2.9585537705468677e-4,0.0013597599116933097
het_jail_cap,Noncitizen Ag Workforce,year::2010:het_jail_cap,5.783879289489669e-4,2.710374567275863e-4,2.1339778491586556,0.03297741548402258,4.6812116960403085e-5,0.0011099637409375308
het_jail_cap,Noncitizen Ag Workforce,year::2011:het_jail_cap,-4.4064287655686495e-4,3.217105291909526e-4,-1.369687456810963,0.170952800308542,-0.0010716019249655618,1.9031617185183186e-4
het_jail_cap,Noncitizen Ag Workforce,year::2012:het_jail_cap,2.0211450957443317e-4,4.2950013998833785e-4,0.470580776946711,0.6379963107688299,-6.402483446969367e-4,0.0010444773638458031
het_jail_cap,Noncitizen Ag Workforce,year::2013:het_jail_cap,8.469443600987329e-5,3.3469246084865724e-4,0.2530515201780144,0.800256869953532,-5.717255982914866e-4,7.411144703112333e-4
het_jail_cap,Noncitizen Ag Workforce,year::2014:het_jail_cap,3.662442279647515e-4,5.203510954082161e-4,0.7038406014643487,0.4816217374573005,-6.543012693270553e-4,0.0013867897252565582
het_jail_cap,Noncitizen Ag Workforce,year::2015:het_jail_cap,2.1830151715462008e-4,4.2362846797557605e-4,0.5153136147762527,0.6063962301199777,-6.12545442392828e-4,0.0010491484767020682
het_jail_cap,Noncitizen Ag Workforce,year::2016:het_jail_cap,1.667351314278454e-4,3.9492150246811313e-4,0.4221981593451169,0.6729300618174683,-6.078099107255995e-4,9.412801735812903e-4
het_jail_cap,Noncitizen Ag Workforce,year::2017:het_jail_cap,1.6919774920363208e-4,3.9789617011955236e-4,0.425230906728242,0.6707184342314347,-6.11181399391415e-4,9.495768977986793e-4
het_jail_cap,Noncitizen Ag Workforce,year::2018:het_jail_cap,-2.2148150735138444e-4,3.988589388272393e-4,-0.5552878117827926,0.5787657950792672,-0.0010037488988620972,5.607858841593283e-4
het_jail_cap,Noncitizen Ag Workforce,year::2019:het_jail_cap,4.4890413753987795e-4,4.6153896477923274e-4,0.9726245708303342,0.3308686770446545,-4.562952873996444e-4,0.0013541035624794002
het_jail_cap,Noncitizen Ag Workforce,year::2020:het_jail_cap,-3.6382637032944155e-5,4.197641668442798e-4,-0.0866739943679877,0.9309401458190945,-8.596506846601048e-4,7.868854105942165e-4
het_jail_flow,Total Ag Workforce,year::2006:early_x_het_jail_flow,0.0032843389561410287,9.885072721256601e-4,3.3225238182400747,9.079849270110002e-4,0.0013457387255069234,0.005222939186775134
het_jail_flow,Total Ag Workforce,year::2008:early_x_het_jail_flow,9.623331229625817e-4,0.0010304825666373498,0.9338664758811477,0.3504843872888993,-0.001058586497640515,0.0029832527435656783
het_jail_flow,Total Ag Workforce,year::2009:early_x_het_jail_flow,0.0022156877592281413,0.0010329948278215723,2.1449166051495987,0.032078460026606324,1.8984124506696894e-4,0.004241534273389314
het_jail_flow,Total Ag Workforce,year::2010:early_x_het_jail_flow,8.064639937305427e-4,0.0010611698373736431,0.7599763631866053,0.44735739995979673,-0.001274637632412061,0.0028875656198731462
het_jail_flow,Total Ag Workforce,year::2011:early_x_het_jail_flow,0.0012787259467331516,0.0010890393298585536,1.1741779306530966,0.24046217269108888,-8.570316299344525e-4,0.0034144835234007557
het_jail_flow,Total Ag Workforce,year::2012:early_x_het_jail_flow,2.603298901763178e-4,0.0013863706206773073,0.18777799117607843,0.8510695492216425,-0.0024585356971349335,0.002979195477487569
het_jail_flow,Total Ag Workforce,year::2013:early_x_het_jail_flow,-5.833642381895639e-4,0.0012411028129786985,-0.4700369962013586,0.6383793252466363,-0.0030173394524612178,0.00185061097608209
het_jail_flow,Total Ag Workforce,year::2014:early_x_het_jail_flow,0.0021026005403917353,0.0013871675563840303,1.515750949274394,0.12973879970537672,-6.178279486688692e-4,0.004823029029452339
het_jail_flow,Total Ag Workforce,year::2015:early_x_het_jail_flow,-3.8726626732510697e-4,0.001298629283455255,-0.29821156219018097,0.7655723676789412,-0.002934058890307986,0.0021595263556577716
het_jail_flow,Total Ag Workforce,year::2016:early_x_het_jail_flow,8.656023223386226e-4,0.0013848936133789176,0.6250316370704405,0.5320208907862586,-0.0018503666482556373,0.0035815712929328824
het_jail_flow,Total Ag Workforce,year::2017:early_x_het_jail_flow,0.0010674929547740202,0.001378291580193267,0.7745044445706721,0.43872318348336736,-0.0016355285106098487,0.0037705144201578894
het_jail_flow,Total Ag Workforce,year::2018:early_x_het_jail_flow,-9.157562566720658e-4,0.0013516633023351056,-0.677503232565406,0.4981643062313086,-0.00356655596602756,0.0017350434526834284
het_jail_flow,Total Ag Workforce,year::2019:early_x_het_jail_flow,1.628469190916027e-4,0.0013842467767298467,0.11764298232740934,0.9063622422712001,-0.002551853514879376,0.002877547353062581
het_jail_flow,Total Ag Workforce,year::2020:early_x_het_jail_flow,3.3754098532574206e-4,0.0014548499852440613,0.23201085249288927,0.8165530859176389,-0.002515622159207638,0.0031907041298591217
het_jail_flow,Total Ag Workforce,year::2006:early_activator,-5.221079205316254e-4,6.422192057472147e-4,-0.8129746290040623,0.4163284103658622,-0.0017815890953154722,7.373732542522215e-4
het_jail_flow,Total Ag Workforce,year::2008:early_activator,0.001252982149051499,6.722608282503784e-4,1.8638333462214391,0.062490094981908426,-6.541482529750543e-5,0.0025713791234005033
het_jail_flow,Total Ag Workforce,year::2009:early_activator,-7.771134237831064e-4,6.765086097003533e-4,-1.1487118015058435,0.2508108412836798,-0.002103840888287127,5.496140407209141e-4
het_jail_flow,Total Ag Workforce,year::2010:early_activator,0.0022241456012656955,7.033503206743548e-4,3.1622159482819883,0.0015889794155789308,8.447778087113634e-4,0.003603513393820028
het_jail_flow,Total Ag Workforce,year::2011:early_activator,2.750691874520062e-4,6.641338540055997e-4,0.41417733156196995,0.6787882154881361,-0.001027389660198743,0.0015775280351027553
het_jail_flow,Total Ag Workforce,year::2012:early_activator,0.0022826546187683715,8.505996586682307e-4,2.6835828059727707,0.007343238515473523,6.145103966974344e-4,0.003950798840839308
het_jail_flow,Total Ag Workforce,year::2013:early_activator,0.004121451421858694,8.105231194616287e-4,5.0849276509179315,4.0172017876089545e-7,0.0025319028665468568,0.005710999977170531
het_jail_flow,Total Ag Workforce,year::2014:early_activator,2.854512408238608e-4,8.242926037107912e-4,0.3462984376407353,0.7291545085495817,-0.0013311011879989297,0.0019020036696466513
het_jail_flow,Total Ag Workforce,year::2015:early_activator,0.004458312001363938,8.026058034539964e-4,5.554796616443204,3.146669571627542e-8,0.002884290403790504,0.006032333598937373
het_jail_flow,Total Ag Workforce,year::2016:early_activator,0.0036994646929488562,8.829856454875828e-4,4.189722349230286,2.913222722049347e-5,0.001967807046862028,0.005431122339035685
het_jail_flow,Total Ag Workforce,year::2017:early_activator,0.004072633097118679,8.654684519749043e-4,4.705697923275396,2.7015384930616404e-6,0.0023753291035960014,0.005769937090641357
het_jail_flow,Total Ag Workforce,year::2018:early_activator,0.004136774944179734,8.045017577039105e-4,5.142033444384637,2.980251089890024e-7,0.0025590351166551416,0.005714514771704326
het_jail_flow,Total Ag Workforce,year::2019:early_activator,0.001155696457657026,8.400216613797769e-4,1.3757936381768272,0.16903805285360962,-4.917028406674758e-4,0.002803095755981528
het_jail_flow,Total Ag Workforce,year::2020:early_activator,0.0014495970504896064,9.2941730254921e-4,1.5596837357273692,0.1189912836860216,-3.7311953226526863e-4,0.0032723136332444814
het_jail_flow,Total Ag Workforce,year::2006:het_jail_flow,-0.00242956156710609,8.131621030599973e-4,-2.987794878737519,0.002843835176109513,-0.00402428553625321,-8.348375979589703e-4
het_jail_flow,Total Ag Workforce,year::2008:het_jail_flow,-6.027969299574387e-4,8.141328168250599e-4,-0.740415958551106,0.45913368824562906,-0.0021994246037933297,9.938307438784526e-4
het_jail_flow,Total Ag Workforce,year::2009:het_jail_flow,-0.0016565883345791765,8.876556080829248e-4,-1.8662511896442815,0.062151040472794204,-0.003397404426759087,8.422775760073397e-5
het_jail_flow,Total Ag Workforce,year::2010:het_jail_flow,-8.79120991350788e-5,9.005992932202523e-4,-0.09761511006824525,0.9222476100109245,-0.0018541125579251809,0.0016782883596550234
het_jail_flow,Total Ag Workforce,year::2011:het_jail_flow,-6.589520496012114e-4,9.406649684393351e-4,-0.7005172635422833,0.48368500384367463,-0.0025037268693600527,0.00118582277015763
het_jail_flow,Total Ag Workforce,year::2012:het_jail_flow,4.959763925128416e-4,0.0012073357858133362,0.41080236197813125,0.6812610333497664,-0.0018717769855655041,0.0028637297705911874
het_jail_flow,Total Ag Workforce,year::2013:het_jail_flow,8.297468953180213e-4,0.0010263616640929412,0.8084351981826208,0.4189352947604438,-0.0011830910623087045,0.002842584852944747
het_jail_flow,Total Ag Workforce,year::2014:het_jail_flow,-9.559178184704752e-4,0.0012418590610972623,-0.7697474282032136,0.4415397324506223,-0.00339137614047275,0.0014795405035317997
het_jail_flow,Total Ag Workforce,year::2015:het_jail_flow,6.302173934793519e-4,0.0011370789402287565,0.5542424287205296,0.5794742963626709,-0.0015997525399097,0.002860187326868404
het_jail_flow,Total Ag Workforce,year::2016:het_jail_flow,4.462038960334632e-5,0.0011996620048693308,0.037194134199662714,0.9703338907682889,-0.0023080836368643692,0.0023973244160710614
het_jail_flow,Total Ag Workforce,year::2017:het_jail_flow,2.208932223598135e-4,0.0011948141228253935,0.18487664159632147,0.8533443515696767,-0.002122303433233174,0.002564089877952801
het_jail_flow,Total Ag Workforce,year::2018:het_jail_flow,0.002121300734779806,0.0011822553181429446,1.794283097928364,0.07291747977499863,-1.9726635829966574e-4,0.004439867827859278
het_jail_flow,Total Ag Workforce,year::2019:het_jail_flow,5.689618113536132e-4,0.0012274149265032622,0.46354480385415214,0.6430238491070368,-0.0018381695539890256,0.002976093176696252
het_jail_flow,Total Ag Workforce,year::2020:het_jail_flow,-3.7496773125440846e-4,0.0012807782161754397,-0.29276554404095656,0.7697314359370108,-0.002886751928784535,0.002136816466275718
het_jail_flow,Foreign-Born Ag Workforce,year::2006:early_x_het_jail_flow,-3.604216624166015e-4,4.563455180098311e-4,-0.7897999392838058,0.4297373137972835,-0.001255378686415347,5.345353615821439e-4
het_jail_flow,Foreign-Born Ag Workforce,year::2008:early_x_het_jail_flow,-2.1611288205660163e-4,5.223105872293241e-4,-0.41376316571143096,0.6790914865235714,-0.0012404365804427942,8.082108163295909e-4
het_jail_flow,Foreign-Born Ag Workforce,year::2009:early_x_het_jail_flow,-7.085922684594625e-4,3.829564868102325e-4,-1.8503205791382593,0.06441329105062849,-0.0014596231961902287,4.243865927130357e-5
het_jail_flow,Foreign-Born Ag Workforce,year::2010:early_x_het_jail_flow,-3.8650725480119205e-4,4.223840795378375e-4,-0.9150611339899434,0.3602687545793043,-0.0012148611749978812,4.418466653954972e-4
het_jail_flow,Foreign-Born Ag Workforce,year::2011:early_x_het_jail_flow,-2.027581459303183e-4,4.5143885320901155e-4,-0.44913756201760363,0.6533806066376222,-0.001088092517893274,6.825762260326373e-4
het_jail_flow,Foreign-Born Ag Workforce,year::2012:early_x_het_jail_flow,-8.17868028176041e-4,6.188331460360195e-4,-1.321629317070286,0.18644127491588133,-0.0020314858876073804,3.957498312552987e-4
het_jail_flow,Foreign-Born Ag Workforce,year::2013:early_x_het_jail_flow,-0.0010182905768068723,5.108369549846497e-4,-1.9933768825269722,0.046354481439295984,-0.0020201128867430775,-1.6468266870666793e-5
het_jail_flow,Foreign-Born Ag Workforce,year::2014:early_x_het_jail_flow,-9.20230346627082e-4,6.492161254796149e-4,-1.4174483819964465,0.15650609805249435,-0.0021934334540556844,3.5297276080152053e-4
het_jail_flow,Foreign-Born Ag Workforce,year::2015:early_x_het_jail_flow,-0.0010900568203785059,5.412007749941447e-4,-2.0141449730745475,0.0441266528623136,-0.002151426803997234,-2.8686836759777776e-5
het_jail_flow,Foreign-Born Ag Workforce,year::2016:early_x_het_jail_flow,-8.885016980556406e-4,5.927469804460245e-4,-1.4989560931834178,0.1340412793922583,-0.0020509609590070948,2.739575628958134e-4
het_jail_flow,Foreign-Born Ag Workforce,year::2017:early_x_het_jail_flow,-2.1441208701424748e-4,5.626539109283291e-4,-0.3810727746662003,0.7031893224450265,-0.0013178546536504001,8.890304796219051e-4
het_jail_flow,Foreign-Born Ag Workforce,year::2018:early_x_het_jail_flow,-9.612286738825862e-4,6.059588663824802e-4,-1.5862936037573554,0.11282923801719318,-0.0021495982805095435,2.2714093274437091e-4
het_jail_flow,Foreign-Born Ag Workforce,year::2019:early_x_het_jail_flow,-0.001395710112637331,6.132012988001454e-4,-2.276104299466301,0.022944018992420927,-0.0025982831364278723,-1.9313708884678943e-4
het_jail_flow,Foreign-Born Ag Workforce,year::2020:early_x_het_jail_flow,-0.001867558962133092,6.06225652933124e-4,-3.080633346835807,0.002093454789526812,-0.0030564517742874054,-6.786661499787786e-4
het_jail_flow,Foreign-Born Ag Workforce,year::2006:early_activator,-2.3283409571540429e-4,2.92115274112007e-4,-0.7970623803332096,0.42550847765203414,-8.057127722147044e-4,3.4004458078389587e-4
het_jail_flow,Foreign-Born Ag Workforce,year::2008:early_activator,5.512827252092622e-4,3.6591244566809014e-4,1.5065973615702504,0.13207025253197324,-1.6632246755645655e-4,0.001268887917974981
het_jail_flow,Foreign-Born Ag Workforce,year::2009:early_activator,-2.4664371764209484e-4,2.4078842828689588e-4,-1.0243171542621743,0.3058081464534787,-7.188633115427262e-4,2.2557587625853648e-4
het_jail_flow,Foreign-Born Ag Workforce,year::2010:early_activator,4.432379870497495e-4,2.6559909315798793e-4,1.668823420214374,0.09530734623263046,-7.763877103932114e-5,9.641147451388202e-4
het_jail_flow,Foreign-Born Ag Workforce,year::2011:early_activator,-0.0010133064724848744,2.600710806400446e-4,-3.8962673973249524,1.008674708540686e-4,-0.001523342029255124,-5.03270915714625e-4
het_jail_flow,Foreign-Born Ag Workforce,year::2012:early_activator,-7.636767313694357e-4,3.0906231631535485e-4,-2.470947414340254,0.013557536196005096,-0.0013697909144253328,-1.5756254831353876e-4
het_jail_flow,Foreign-Born Ag Workforce,year::2013:early_activator,4.7498212043722246e-4,3.0672227254711687e-4,1.5485739476720215,0.12164081931706444,-1.2654291136332248e-4,0.0010765071522377675
het_jail_flow,Foreign-Born Ag Workforce,year::2014:early_activator,2.1719697786804648e-4,2.90867580031586e-4,0.7467211637833977,0.45531879167807177,-3.5323479702489147e-4,7.876287527609845e-4
het_jail_flow,Foreign-Born Ag Workforce,year::2015:early_activator,4.132486016410746e-4,3.009875693560395e-4,1.372975643230771,0.16991230906988078,-1.7702987968651893e-4,0.0010035270829686681
het_jail_flow,Foreign-Born Ag Workforce,year::2016:early_activator,-8.96638973571759e-4,3.263086171151834e-4,-2.7478249930961987,0.006052513810536785,-0.0015365755509093265,-2.5670239623419133e-4
het_jail_flow,Foreign-Born Ag Workforce,year::2017:early_activator,-8.304688290700652e-4,3.1918748679289274e-4,-2.601821385338083,0.00934075956720114,-0.0014564398795223503,-2.0449777861778005e-4
het_jail_flow,Foreign-Born Ag Workforce,year::2018:early_activator,-6.279998639974874e-4,3.0502551922845087e-4,-2.058843684902124,0.039637173808464383,-0.0012261973265755806,-2.980240141939425e-5
het_jail_flow,Foreign-Born Ag Workforce,year::2019:early_activator,-7.890067517646319e-4,3.2337009100399315e-4,-2.439949685250541,0.014774775438003398,-0.0014231804707424143,-1.5483303278684935e-4
het_jail_flow,Foreign-Born Ag Workforce,year::2020:early_activator,-0.001069083784836669,2.997791134312102e-4,-3.566238396665316,3.7056719472493136e-4,-0.001656992316037798,-4.811752536355398e-4
het_jail_flow,Foreign-Born Ag Workforce,year::2006:het_jail_flow,4.4225690502782154e-4,3.277588842745613e-4,1.3493361316709453,0.17738023865418953,-2.0052384789543022e-4,0.0010850376579510732
het_jail_flow,Foreign-Born Ag Workforce,year::2008:het_jail_flow,7.793985156071489e-5,3.3261789135550227e-4,0.234322487113036,0.8147583764769855,-5.743700899819682e-4,7.30249793103398e-4
het_jail_flow,Foreign-Born Ag Workforce,year::2009:het_jail_flow,5.44332713401882e-4,2.693614855120062e-4,2.0208260745488777,0.043429471246269176,1.6077380677187664e-5,0.0010725880461265763
het_jail_flow,Foreign-Born Ag Workforce,year::2010:het_jail_flow,3.0375202329598647e-4,2.6883307528428055e-4,1.1298908178421887,0.25865638117793727,-2.2346702348704183e-4,8.309710700790148e-4
het_jail_flow,Foreign-Born Ag Workforce,year::2011:het_jail_flow,5.107715106238496e-4,3.3824221463127184e-4,1.5100761777493006,0.131180387101666,-1.5256851102752255e-4,0.0011741115322752215
het_jail_flow,Foreign-Born Ag Workforce,year::2012:het_jail_flow,8.147818740263092e-4,5.205777574586369e-4,1.5651492257447222,0.11770455784817767,-2.061435041979283e-4,0.0018357072522505466
het_jail_flow,Foreign-Born Ag Workforce,year::2013:het_jail_flow,6.400595998628655e-4,3.5069447477548577e-4,1.8251202853213784,0.0681304881604204,-4.770103564557919e-5,0.0013278202353713103
het_jail_flow,Foreign-Born Ag Workforce,year::2014:het_jail_flow,8.287239097649168e-4,5.54816531470385e-4,1.4936900087829348,0.13541283851699132,-2.593484658234091e-4,0.0019167962853532427
het_jail_flow,Foreign-Born Ag Workforce,year::2015:het_jail_flow,4.221547478925718e-4,4.243736472789503e-4,0.9947713544405835,0.3199666261528104,-4.1010099133018243e-4,0.001254410487115326
het_jail_flow,Foreign-Born Ag Workforce,year::2016:het_jail_flow,6.615949948778322e-4,4.940933889780247e-4,1.3390079884417503,0.1807187282529806,-3.0739085362063245e-4,0.0016305808433762967
het_jail_flow,Foreign-Born Ag Workforce,year::2017:het_jail_flow,3.016325509641991e-4,4.438865213974865e-4,0.67952626724184,0.49688232765923435,-5.688906480266404e-4,0.0011721557499550386
het_jail_flow,Foreign-Born Ag Workforce,year::2018:het_jail_flow,6.915468739066345e-4,4.796521974585879e-4,1.4417673421924457,0.1495230285464023,-2.49117789710701e-4,0.00163221153752397
het_jail_flow,Foreign-Born Ag Workforce,year::2019:het_jail_flow,5.197890728924593e-4,5.138646922596299e-4,1.0115290673246649,0.3118844215394793,-4.879710509021653e-4,0.001527549196687084
het_jail_flow,Foreign-Born Ag Workforce,year::2020:het_jail_flow,7.39409277609084e-4,4.892943802926921e-4,1.51117467804714,0.13090036431098134,-2.2016504746761039e-4,0.0016989836026857783
het_jail_flow,US-Born Ag Workforce,year::2006:early_x_het_jail_flow,0.0036447606185576113,8.716491776959631e-4,4.181453630452373,3.020285151279058e-5,0.0019353353623531068,0.005354185874762116
het_jail_flow,US-Born Ag Workforce,year::2008:early_x_het_jail_flow,0.0011784460050192,9.082448863057557e-4,1.2974980897635162,0.19460801582800127,-6.027485250709739e-4,0.002959640535109374
het_jail_flow,US-Born Ag Workforce,year::2009:early_x_het_jail_flow,0.0029242800276876742,9.475874209213234e-4,3.0860266431612673,0.0020560294345210225,0.001065929315918167,0.004782630739457182
het_jail_flow,US-Born Ag Workforce,year::2010:early_x_het_jail_flow,0.0011929712485317038,9.85812602079726e-4,1.2101399860530737,0.22636676968791425,-7.403443593992243e-4,0.003126286856462632
het_jail_flow,US-Born Ag Workforce,year::2011:early_x_het_jail_flow,0.0014814840926634211,9.912399974272288e-4,1.4945765874143746,0.13518117136308555,-4.6247539232243903e-4,0.003425443577649281
het_jail_flow,US-Born Ag Workforce,year::2012:early_x_het_jail_flow,0.0010781979183523682,0.0011624945854692085,0.9274864002202503,0.35378485362932055,-0.0012016156298630106,0.0033580114665677473
het_jail_flow,US-Born Ag Workforce,year::2013:early_x_het_jail_flow,4.3492633861729444e-4,0.0011040155407455086,0.39394947133045044,0.6936599256754901,-0.0017302016703153594,0.002600054347549948
het_jail_flow,US-Born Ag Workforce,year::2014:early_x_het_jail_flow,0.003022830887018791,0.0011587991666752735,2.6085891101316863,0.009158673386698436,7.502645689738156e-4,0.005295397205063767
het_jail_flow,US-Born Ag Workforce,year::2015:early_x_het_jail_flow,7.027905530534256e-4,0.0011525955652602379,0.6097460151989623,0.5420986472108668,-0.0015576096398925523,0.0029631907459994034
het_jail_flow,US-Born Ag Workforce,year::2016:early_x_het_jail_flow,0.0017541040203942083,0.0012420192436069964,1.4123001953657712,0.15801562494981392,-6.816684417859592e-4,0.004189876482574376
het_jail_flow,US-Born Ag Workforce,year::2017:early_x_het_jail_flow,0.001281905041788268,0.0012146837081699264,1.055340606913728,0.2913957793788058,-0.0011002586338941973,0.0036640687174707334
het_jail_flow,US-Born Ag Workforce,year::2018:early_x_het_jail_flow,4.547241721054465e-5,0.0011988894149432927,0.037928783625715376,0.9697482113945723,-0.0023057164529694655,0.002396661287390555
het_jail_flow,US-Born Ag Workforce,year::2019:early_x_het_jail_flow,0.001558557031728959,0.0012117883083490274,1.286162790143089,0.19853365359007893,-8.179283622464812e-4,0.003935042425704399
het_jail_flow,US-Born Ag Workforce,year::2020:early_x_het_jail_flow,0.0022050999474588747,0.0013200192156813712,1.6705059451128066,0.09497422140658698,-3.836413072802764e-4,0.004793841202198026
het_jail_flow,US-Born Ag Workforce,year::2006:early_activator,-2.892738248161673e-4,5.778670150614739e-4,-0.5005889197281733,0.6167149972472286,-0.0014225514043174818,8.440037546851473e-4
het_jail_flow,US-Born Ag Workforce,year::2008:early_activator,7.016994238422682e-4,5.913421167475334e-4,1.1866217608543017,0.2355163868934736,-4.5800470402448143e-4,0.0018614035517090179
het_jail_flow,US-Born Ag Workforce,year::2009:early_activator,-5.304697061410101e-4,6.100357576161455e-4,-0.8695714956348495,0.3846379328817837,-0.0017268346634433935,6.658952511613732e-4
het_jail_flow,US-Born Ag Workforce,year::2010:early_activator,0.001780907614216001,6.607982620335523e-4,2.695085197009151,0.007095383971012164,4.8499032629744005e-4,0.003076824902134562
het_jail_flow,US-Born Ag Workforce,year::2011:early_activator,0.001288375659936941,6.019341454186419e-4,2.1403930475498822,0.03244245011355428,1.0789909083105042e-4,0.0024688522290428317
het_jail_flow,US-Born Ag Workforce,year::2012:early_activator,0.003046331350137845,7.496950980414751e-4,4.063427062676771,5.0207591517411444e-5,0.0015760750040786033,0.004516587696197087
het_jail_flow,US-Born Ag Workforce,year::2013:early_activator,0.0036464693014215217,7.264994593315334e-4,5.019231954799678,5.642481928688705e-7,0.0022217028286498097,0.005071235774193234
het_jail_flow,US-Born Ag Workforce,year::2014:early_activator,6.825426295587465e-5,7.289524730938653e-4,0.09363335124742175,0.9254097013245731,-0.0013613229109401491,0.0014978314368518982
het_jail_flow,US-Born Ag Workforce,year::2015:early_activator,0.004045063399722883,7.323097087141508e-4,5.523705819530285,3.747913353814502e-8,0.0026089022198905317,0.005481224579555234
het_jail_flow,US-Born Ag Workforce,year::2016:early_activator,0.0045961036665206866,8.145213177952879e-4,5.642705189056595,1.909987185227403e-8,0.002998714088254021,0.006193493244787352
het_jail_flow,US-Born Ag Workforce,year::2017:early_activator,0.004903101926188774,7.753135248482747e-4,6.3240247577885205,3.1284314793971917e-10,0.003382604282451116,0.006423599569926433
het_jail_flow,US-Born Ag Workforce,year::2018:early_activator,0.0047647748081772415,7.432067178977301e-4,6.411102985795271,1.7934901978912564e-10,0.0033072430779076817,0.006222306538446801
het_jail_flow,US-Born Ag Workforce,year::2019:early_activator,0.0019447032094216867,7.703635818797837e-4,2.5243966033238063,0.011665754629205397,4.3391309222524173e-4,0.0034554933266181314
het_jail_flow,US-Born Ag Workforce,year::2020:early_activator,0.0025186808353262857,8.575342791354258e-4,2.937119712422043,0.0033502532791589556,8.369368581335114e-4,0.00420042481251906
het_jail_flow,US-Born Ag Workforce,year::2006:het_jail_flow,-0.0028718184721339213,7.354378074933906e-4,-3.904910031647687,9.735595029776285e-5,-0.004314114288691646,-0.0014295226555761968
het_jail_flow,US-Born Ag Workforce,year::2008:het_jail_flow,-6.807367815182001e-4,7.820504067860067e-4,-0.8704512849955858,0.3841572580330177,-0.0022144463876222634,8.529728245858634e-4
het_jail_flow,US-Born Ag Workforce,year::2009:het_jail_flow,-0.002200921047981119,8.419316453928312e-4,-2.6141327030820967,0.00901189194810072,-0.003852066090573391,-5.497760053888464e-4
het_jail_flow,US-Born Ag Workforce,year::2010:het_jail_flow,-3.916641224310827e-4,8.962900078316192e-4,-0.43698369836636886,0.6621698785217743,-0.002149413473289214,0.0013660852284270485
het_jail_flow,US-Born Ag Workforce,year::2011:het_jail_flow,-0.0011697235602250585,8.914266886277097e-4,-1.3121926627816896,0.18960422374527672,-0.002917935265790938,5.784881453408206e-4
het_jail_flow,US-Born Ag Workforce,year::2012:het_jail_flow,-3.188054815135077e-4,0.0010337085116782086,-0.3084094577067304,0.7578025867465684,-0.0023460516289683228,0.0017084406659413076
het_jail_flow,US-Born Ag Workforce,year::2013:het_jail_flow,1.8968729545514404e-4,9.752864261750617e-4,0.1944939356934058,0.8458087014048861,-0.0017229850176696706,0.002102359608579959
het_jail_flow,US-Born Ag Workforce,year::2014:het_jail_flow,-0.0017846417282353995,0.001052190640429105,-1.6961201322866604,0.09001721588432482,-0.003848133900448384,2.788504439775849e-4
het_jail_flow,US-Born Ag Workforce,year::2015:het_jail_flow,2.080626455867336e-4,0.0010328573088090787,0.2014437462098586,0.8403718940557485,-0.0018175141746664077,0.002233639465839875
het_jail_flow,US-Born Ag Workforce,year::2016:het_jail_flow,-6.169746052744736e-4,0.001123560953268051,-0.5491242851399449,0.5829808538651201,-0.0028204338863105287,0.0015864846757615817
het_jail_flow,US-Born Ag Workforce,year::2017:het_jail_flow,-8.073932860441285e-5,0.0010991256950679447,-0.07345777554533632,0.9414491163450749,-0.0022362776701409875,0.0020747990129321614
het_jail_flow,US-Born Ag Workforce,year::2018:het_jail_flow,0.001429753860873122,0.0010741358860668186,1.3310735442500443,0.18331502284331538,-6.767759899227524e-4,0.0035362837116689966
het_jail_flow,US-Born Ag Workforce,year::2019:het_jail_flow,4.91727384611002e-5,0.0011038007489834686,0.04454856413749059,0.9644715449629756,-0.002115534033955475,0.002213879510877675
het_jail_flow,US-Born Ag Workforce,year::2020:het_jail_flow,-0.0011143770088635637,0.001170377858275742,-0.9521514791003638,0.3411340782794531,-0.0034096507513656617,0.0011808967336385343
het_jail_flow,Noncitizen Ag Workforce,year::2006:early_x_het_jail_flow,-6.455849090735838e-4,4.207360420280792e-4,-1.534417888141132,0.12508348040824396,-0.0014707067985239126,1.7953698037674495e-4
het_jail_flow,Noncitizen Ag Workforce,year::2008:early_x_het_jail_flow,-1.5744782383294502e-4,4.996204096175009e-4,-0.31513489201428707,0.7526917872308502,-0.001137272928438618,8.22377280772728e-4
het_jail_flow,Noncitizen Ag Workforce,year::2009:early_x_het_jail_flow,-7.724365027714019e-4,3.7557434596391745e-4,-2.0566806840571914,0.039845127137293865,-0.0015089900256809918,-3.5882979861812016e-5
het_jail_flow,Noncitizen Ag Workforce,year::2010:early_x_het_jail_flow,-2.766947365259357e-4,4.195763085625211e-4,-0.6594622500824672,0.5096741527477193,-0.0010995422273681788,5.461527543163075e-4
het_jail_flow,Noncitizen Ag Workforce,year::2011:early_x_het_jail_flow,-2.8328495851957184e-4,4.318985242666097e-4,-0.6559062895632884,0.5119591197865635,-0.0011302980279867467,5.63728110947603e-4
het_jail_flow,Noncitizen Ag Workforce,year::2012:early_x_het_jail_flow,-7.491698347033527e-4,5.339204687595562e-4,-1.4031487431899359,0.16072617674287462,-0.0017962621253364637,2.979224559297583e-4
het_jail_flow,Noncitizen Ag Workforce,year::2013:early_x_het_jail_flow,-0.0012652660797418441,4.8704684597190536e-4,-2.597832406073787,0.00944959105457491,-0.0022204326774547672,-3.100994820289211e-4
het_jail_flow,Noncitizen Ag Workforce,year::2014:early_x_het_jail_flow,-0.0010520773585429364,6.209981109000153e-4,-1.6941715925965637,0.09038683428281094,-0.0022699410151504886,1.6578629806461597e-4
het_jail_flow,Noncitizen Ag Workforce,year::2015:early_x_het_jail_flow,-9.757068462071087e-4,5.21545288323585e-4,-1.870799848165335,0.06151730964525442,-0.001998529687010353,4.7115994596135186e-5
het_jail_flow,Noncitizen Ag Workforce,year::2016:early_x_het_jail_flow,-0.0013111067412307595,5.067103740945067e-4,-2.587487464754816,0.009737124452901999,-0.0023048362521649315,-3.1737723029658777e-4
het_jail_flow,Noncitizen Ag Workforce,year::2017:early_x_het_jail_flow,-2.9694878027161837e-4,5.335799323616112e-4,-0.5565216423288835,0.5779159487485371,-0.0013433732316705514,7.494756711273146e-4
het_jail_flow,Noncitizen Ag Workforce,year::2018:early_x_het_jail_flow,-9.30908800398132e-4,5.336292208592175e-4,-1.7444861788101464,0.0812264387023005,-0.0019774299133953374,1.1561231259907322e-4
het_jail_flow,Noncitizen Ag Workforce,year::2019:early_x_het_jail_flow,-0.0016984034352028783,5.640613768177927e-4,-3.0110259361925946,0.002635938197449895,-0.002804606238182115,-5.922006322236419e-4
het_jail_flow,Noncitizen Ag Workforce,year::2020:early_x_het_jail_flow,-0.001700579488699655,5.697752390195057e-4,-2.9846496868240306,0.0028731052929612303,-0.0028179879700733785,-5.831710073259313e-4
het_jail_flow,Noncitizen Ag Workforce,year::2006:early_activator,1.8140127219267016e-4,2.719639275606759e-4,0.6670048995824971,0.5048451848534261,-3.5195781130657744e-4,7.147603556919178e-4
het_jail_flow,Noncitizen Ag Workforce,year::2008:early_activator,5.458944972741822e-4,3.4681946141698204e-4,1.5740019174352262,0.11564360466589538,-1.342666981468348e-4,0.0012260556926951991
het_jail_flow,Noncitizen Ag Workforce,year::2009:early_activator,-2.126394688561225e-5,2.3550543514057586e-4,-0.09029068425923825,0.9280651743959641,-4.8312285652959557e-4,4.405949627583711e-4
het_jail_flow,Noncitizen Ag Workforce,year::2010:early_activator,6.52681642209706e-4,2.5964361743639216e-4,2.5137596242649827,0.012022395586641617,1.4348440022838704e-4,0.001161878884191025
het_jail_flow,Noncitizen Ag Workforce,year::2011:early_activator,-5.669003743108373e-4,2.466923712753787e-4,-2.298005290475787,0.021663227289596465,-0.0010506984214630178,-8.310232715865676e-5
het_jail_flow,Noncitizen Ag Workforce,year::2012:early_activator,-5.916308932510605e-4,2.787656984181371e-4,-2.12232314308498,0.03393198524194722,-0.001138329195312292,-4.4932591189828994e-5
het_jail_flow,Noncitizen Ag Workforce,year::2013:early_activator,5.639978957748081e-4,3.026612208149679e-4,1.8634627001640507,0.06254220581117066,-2.9562848815556158e-5,0.0011575586403651723
het_jail_flow,Noncitizen Ag Workforce,year::2014:early_activator,3.219319308409274e-4,2.7205741625689085e-4,1.1833234883659354,0.2368202093646478,-2.116104969929089e-4,8.554743586747637e-4
het_jail_flow,Noncitizen Ag Workforce,year::2015:early_activator,6.320666520336951e-4,2.889292710743777e-4,2.1876172313153597,0.028811751240563767,6.543617056311505e-5,0.0011986971335042752
het_jail_flow,Noncitizen Ag Workforce,year::2016:early_activator,-3.339169964055986e-4,2.6684268634462544e-4,-1.2513627447684559,0.21094706121695259,-8.572326136780179e-4,1.8939862086682065e-4
het_jail_flow,Noncitizen Ag Workforce,year::2017:early_activator,-5.035329132675655e-4,2.9057191735402303e-4,-1.7329028828827873,0.08326554801659124,-0.0010733848525325057,6.631902599737451e-5
het_jail_flow,Noncitizen Ag Workforce,year::2018:early_activator,-5.200388032762432e-4,2.7253947339486847e-4,-1.9081228740865204,0.05651697535561654,-0.0010545266121965056,1.4449005644019252e-5
het_jail_flow,Noncitizen Ag Workforce,year::2019:early_activator,-4.4887554464572994e-4,2.9856688309876854e-4,-1.5034338034645256,0.1328835331912286,-0.0010344067235821665,1.366556342907066e-4
het_jail_flow,Noncitizen Ag Workforce,year::2020:early_activator,-0.0010052524310220612,2.7714605540805925e-4,-3.627157635500047,2.936656187074007e-4,-0.0015487743878995794,-4.61730474144543e-4
het_jail_flow,Noncitizen Ag Workforce,year::2006:het_jail_flow,5.790968226536276e-4,2.9263529913874976e-4,1.9789028335199415,0.04796255994224054,5.198304757904337e-6,0.0011529953405493508
het_jail_flow,Noncitizen Ag Workforce,year::2008:het_jail_flow,1.0772498075154261e-4,3.2260397408374913e-4,0.333923291111029,0.7384721050955178,-5.24946276403087e-4,7.403962379061722e-4
het_jail_flow,Noncitizen Ag Workforce,year::2009:het_jail_flow,6.712416597979709e-4,2.589924073054843e-4,2.5917426181773515,0.009617922565004955,1.6332153144602815e-4,0.0011791617881499136
het_jail_flow,Noncitizen Ag Workforce,year::2010:het_jail_flow,2.661701348439973e-4,2.6437254382180104e-4,1.0067994618359761,0.31415173750853537,-2.523011894227173e-4,7.846414591107119e-4
het_jail_flow,Noncitizen Ag Workforce,year::2011:het_jail_flow,5.443257453795227e-4,3.177605950395181e-4,1.7130058096468128,0.08686492027053799,-7.88469719090279e-5,0.0011674984626680732
het_jail_flow,Noncitizen Ag Workforce,year::2012:het_jail_flow,7.696489767089663e-4,4.3715693130509084e-4,1.7605782308226288,0.07846112308454667,-8.767656023823706e-5,0.0016269745136561695
het_jail_flow,Noncitizen Ag Workforce,year::2013:het_jail_flow,7.375601990400229e-4,0.00033270236210958633,2.216876953813401,0.0267424831541978,8.508459860137932e-5,0.0013900357994786664
het_jail_flow,Noncitizen Ag Workforce,year::2014:het_jail_flow,9.549977940692586e-4,5.279024738306322e-4,1.8090420890424772,0.07059307624708984,-8.029237159609193e-5,0.001990287959734609
het_jail_flow,Noncitizen Ag Workforce,year::2015:het_jail_flow,3.637131799758841e-4,4.1541714190734325e-4,0.8755372450591087,0.381385748278817,-4.5097760664744623e-4,0.0011784039665992145
het_jail_flow,Noncitizen Ag Workforce,year::2016:het_jail_flow,8.95329214672398e-4,4.0486851292026904e-4,2.2114073732592674,0.027119236929171817,1.0132575647229863e-4,0.0016893326728724973
het_jail_flow,Noncitizen Ag Workforce,year::2017:het_jail_flow,3.5957068072621593e-4,4.2341721286172585e-4,0.8492112975190734,0.3958643562956935,-4.708093575946819e-4,0.0011899507190471137
het_jail_flow,Noncitizen Ag Workforce,year::2018:het_jail_flow,7.217811292238416e-4,4.148675827638311e-4,1.7397867638039224,0.08204877426185023,-9.183189549282226e-5,0.0015353941539405056
het_jail_flow,Noncitizen Ag Workforce,year::2019:het_jail_flow,5.839378719466094e-4,4.6555663765352964e-4,1.2542789098437899,0.20988576513907825,-3.290834386478976e-4,0.0014969591825411163
het_jail_flow,Noncitizen Ag Workforce,year::2020:het_jail_flow,7.039878860398871e-4,4.611318735888704e-4,1.5266519760625763,0.12700412854066923,-2.003558468795419e-4,0.001608331618959316
